Subject,Scene,FixationNumber,x,y,Duration,Task
1,practice_6,1,519,386,277,freeviewing
1,practice_6,2,1162,483,183,freeviewing
1,practice_6,3,1129,706,223,freeviewing
1,practice_6,4,1108,645,178,freeviewing
1,practice_6,5,1277,991,262,freeviewing
1,practice_6,6,1319,876,27,freeviewing
1,practice_6,7,1354,855,142,freeviewing
1,practice_6,8,1409,695,202,freeviewing
1,practice_6,9,1410,500,132,freeviewing
1,practice_6,10,1098,790,242,freeviewing
1,practice_6,11,1012,851,210,freeviewing
1,practice_6,12,393,723,148,freeviewing
1,practice_6,13,397,633,226,freeviewing
1,practice_6,14,91,619,206,freeviewing
1,practice_6,15,35,615,213,freeviewing
1,practice_6,16,318,124,195,freeviewing
1,practice_6,17,253,346,66,freeviewing
1,practice_6,18,923,751,271,freeviewing
1,practice_7,1,753,460,176,freeviewing
1,practice_7,2,481,674,223,freeviewing
1,practice_7,3,519,990,90,freeviewing
1,practice_7,4,491,664,167,freeviewing
1,practice_7,5,518,915,200,freeviewing
1,practice_7,6,1386,707,152,freeviewing
1,practice_7,7,1407,654,277,freeviewing
1,practice_7,8,552,642,183,freeviewing
1,practice_7,9,510,652,269,freeviewing
1,practice_7,10,418,664,122,freeviewing
1,practice_7,11,31,904,265,freeviewing
1,practice_7,12,528,951,208,freeviewing
1,practice_2,1,647,731,97,freeviewing
1,practice_2,2,634,446,244,freeviewing
1,practice_2,3,654,114,232,freeviewing
1,practice_2,4,449,354,195,freeviewing
1,practice_2,5,157,403,174,freeviewing
1,practice_2,6,156,281,239,freeviewing
1,practice_2,7,127,227,213,freeviewing
1,practice_2,8,156,362,443,freeviewing
1,practice_2,9,163,432,230,freeviewing
1,practice_2,10,360,1040,196,freeviewing
1,practice_2,11,642,1039,176,freeviewing
1,practice_2,12,1038,764,265,freeviewing
1,practice_2,13,1131,644,183,freeviewing
1,practice_2,14,1205,501,268,freeviewing
1,practice_2,15,1010,770,235,freeviewing
1,practice_2,16,720,435,167,freeviewing
1,practice_2,17,876,104,290,freeviewing
1,practice_9,1,1058,824,216,freeviewing
1,practice_9,2,1117,444,247,freeviewing
1,practice_9,3,1191,288,196,freeviewing
1,practice_9,4,1333,750,156,freeviewing
1,practice_9,5,1401,647,212,freeviewing
1,practice_9,6,1374,902,257,freeviewing
1,practice_9,7,301,440,208,freeviewing
1,practice_9,8,412,857,158,freeviewing
1,practice_9,9,332,819,345,freeviewing
1,practice_9,10,235,787,190,freeviewing
1,practice_9,11,59,708,174,freeviewing
1,practice_9,12,493,665,329,freeviewing
1,practice_9,13,590,577,249,freeviewing
1,practice_9,14,880,645,223,freeviewing
1,practice_9,15,1099,459,266,freeviewing
1,practice_9,16,1013,523,202,freeviewing
1,practice_9,17,792,297,224,freeviewing
1,practice_1,1,277,626,271,freeviewing
1,practice_1,2,127,705,250,freeviewing
1,practice_1,3,173,576,113,freeviewing
1,practice_1,4,60,651,186,freeviewing
1,practice_1,5,141,935,201,freeviewing
1,practice_1,6,655,817,175,freeviewing
1,practice_1,7,961,662,278,freeviewing
1,practice_1,8,804,850,225,freeviewing
1,practice_1,9,1357,522,203,freeviewing
1,practice_1,10,1296,918,231,freeviewing
1,practice_1,11,1173,747,184,freeviewing
1,practice_1,12,1237,1027,184,freeviewing
1,practice_1,13,312,627,326,freeviewing
1,practice_1,14,447,592,168,freeviewing
1,practice_1,15,472,828,210,freeviewing
1,practice_1,16,153,1050,142,freeviewing
1,practice_3,1,681,455,178,freeviewing
1,practice_3,2,683,721,173,freeviewing
1,practice_3,3,710,677,141,freeviewing
1,practice_3,4,629,592,132,freeviewing
1,practice_3,5,916,618,207,freeviewing
1,practice_3,6,972,450,142,freeviewing
1,practice_3,7,1156,598,184,freeviewing
1,practice_3,8,946,817,282,freeviewing
1,practice_3,9,839,866,157,freeviewing
1,practice_3,10,868,796,122,freeviewing
1,practice_3,11,921,980,250,freeviewing
1,practice_3,12,1021,586,244,freeviewing
1,practice_3,13,1039,503,232,freeviewing
1,practice_3,14,979,339,174,freeviewing
1,practice_3,15,981,160,186,freeviewing
1,practice_3,16,635,110,163,freeviewing
1,practice_3,17,671,446,190,freeviewing
1,practice_3,18,370,679,218,freeviewing
1,practice_3,19,172,532,164,freeviewing
1,practice_3,20,155,379,208,freeviewing
1,practice_3,21,269,132,167,freeviewing
1,practice_3,22,960,449,275,freeviewing
1,practice_5,1,459,421,223,freeviewing
1,practice_5,2,1250,397,198,freeviewing
1,practice_5,3,1212,393,240,freeviewing
1,practice_5,4,770,470,121,freeviewing
1,practice_5,5,1124,629,204,freeviewing
1,practice_5,6,741,794,216,freeviewing
1,practice_5,7,745,472,186,freeviewing
1,practice_5,8,262,871,180,freeviewing
1,practice_5,9,189,624,168,freeviewing
1,practice_5,10,213,532,138,freeviewing
1,practice_5,11,229,407,201,freeviewing
1,practice_5,12,88,1044,292,freeviewing
1,practice_5,13,41,970,128,freeviewing
1,practice_5,14,172,838,142,freeviewing
1,practice_5,15,69,567,156,freeviewing
1,practice_5,16,18,570,200,freeviewing
1,practice_5,17,731,791,189,freeviewing
1,practice_5,18,756,805,227,freeviewing
1,practice_5,19,669,986,110,freeviewing
1,practice_5,20,762,799,557,freeviewing
1,practice_4,1,1130,696,205,freeviewing
1,practice_4,2,1017,726,221,freeviewing
1,practice_4,3,920,703,184,freeviewing
1,practice_4,4,753,748,227,freeviewing
1,practice_4,5,654,728,25,freeviewing
1,practice_4,6,248,554,155,freeviewing
1,practice_4,7,201,561,180,freeviewing
1,practice_4,8,229,611,189,freeviewing
1,practice_4,9,291,665,178,freeviewing
1,practice_4,10,211,602,124,freeviewing
1,practice_4,11,443,695,239,freeviewing
1,practice_4,12,641,713,177,freeviewing
1,practice_4,13,470,699,238,freeviewing
1,practice_4,14,429,717,354,freeviewing
1,practice_4,15,573,319,223,freeviewing
1,practice_4,16,576,230,118,freeviewing
1,practice_4,17,526,423,265,freeviewing
1,practice_4,18,954,746,233,freeviewing
1,practice_4,19,882,744,143,freeviewing
1,practice_4,20,992,734,317,freeviewing
1,practice_4,21,1055,743,209,freeviewing
1,practice_10,1,966,461,117,freeviewing
1,practice_10,2,742,602,253,freeviewing
1,practice_10,3,620,678,187,freeviewing
1,practice_10,4,204,400,249,freeviewing
1,practice_10,5,522,629,171,freeviewing
1,practice_10,6,523,402,114,freeviewing
1,practice_10,7,366,793,112,freeviewing
1,practice_10,8,433,283,150,freeviewing
1,practice_10,9,337,300,199,freeviewing
1,practice_10,10,89,244,207,freeviewing
1,practice_10,11,401,934,214,freeviewing
1,practice_10,12,84,1038,155,freeviewing
1,practice_8,1,156,464,213,freeviewing
1,practice_8,2,223,405,88,freeviewing
1,practice_8,3,145,467,279,freeviewing
1,practice_8,4,144,553,270,freeviewing
1,practice_8,5,344,747,327,freeviewing
1,practice_8,6,462,846,28,freeviewing
1,practice_8,7,769,710,169,freeviewing
1,practice_8,8,887,692,135,freeviewing
1,practice_8,9,831,558,209,freeviewing
1,practice_8,10,1097,701,177,freeviewing
1,practice_8,11,1348,882,164,freeviewing
1,practice_8,12,738,269,181,freeviewing
1,practice_8,13,1378,937,246,freeviewing
1,practice_8,14,1410,824,238,freeviewing
1,practice_8,15,925,981,167,freeviewing
1,practice_8,16,202,445,236,freeviewing
1,practice_8,17,148,451,332,freeviewing
1,practice_8,18,183,568,206,freeviewing
1,familiar_78,1,576,412,219,freeviewing
1,familiar_78,2,487,632,163,freeviewing
1,familiar_78,3,167,815,220,freeviewing
1,familiar_78,4,381,541,233,freeviewing
1,familiar_78,5,112,319,191,freeviewing
1,familiar_78,6,312,110,193,freeviewing
1,familiar_78,7,1092,615,252,freeviewing
1,familiar_78,8,1416,536,166,freeviewing
1,familiar_78,9,1253,975,187,freeviewing
1,familiar_78,10,1011,190,207,freeviewing
1,familiar_78,11,845,554,176,freeviewing
1,familiar_78,12,579,649,189,freeviewing
1,familiar_78,13,119,822,119,freeviewing
1,familiar_78,14,638,289,166,freeviewing
1,familiar_78,15,125,741,183,freeviewing
1,familiar_78,16,98,821,146,freeviewing
1,familiar_78,17,208,832,222,freeviewing
1,novel_33,1,649,470,422,freeviewing
1,novel_33,2,834,431,170,freeviewing
1,novel_33,3,948,476,198,freeviewing
1,novel_33,4,961,518,198,freeviewing
1,novel_33,5,824,621,245,freeviewing
1,novel_33,6,1059,571,335,freeviewing
1,novel_33,7,1276,667,213,freeviewing
1,novel_33,8,1387,709,174,freeviewing
1,novel_33,9,1159,302,248,freeviewing
1,novel_33,10,1194,199,26,freeviewing
1,novel_33,11,1246,156,81,freeviewing
1,novel_33,12,1072,533,185,freeviewing
1,novel_33,13,655,437,205,freeviewing
1,novel_33,14,401,694,212,freeviewing
1,novel_33,15,886,523,239,freeviewing
1,novel_33,16,146,391,190,freeviewing
1,novel_33,17,199,407,240,freeviewing
1,novel_33,18,317,698,149,freeviewing
1,novel_33,19,251,278,226,freeviewing
1,novel_33,20,645,407,296,freeviewing
1,novel_76,1,627,519,271,freeviewing
1,novel_76,2,616,439,210,freeviewing
1,novel_76,3,1046,408,186,freeviewing
1,novel_76,4,889,347,271,freeviewing
1,novel_76,5,497,648,233,freeviewing
1,novel_76,6,307,491,247,freeviewing
1,novel_76,7,143,375,203,freeviewing
1,novel_76,8,54,598,204,freeviewing
1,novel_76,9,46,878,163,freeviewing
1,novel_76,10,199,938,145,freeviewing
1,novel_76,11,47,778,196,freeviewing
1,novel_76,12,296,1019,224,freeviewing
1,novel_76,13,710,1046,146,freeviewing
1,novel_76,14,323,679,246,freeviewing
1,novel_76,15,221,403,177,freeviewing
1,novel_76,16,556,585,105,freeviewing
1,novel_76,17,198,451,261,freeviewing
1,novel_76,18,189,552,163,freeviewing
1,novel_76,19,618,454,167,freeviewing
1,novel_76,20,637,499,249,freeviewing
1,novel_76,21,912,382,235,freeviewing
1,novel_1,1,793,611,229,freeviewing
1,novel_1,2,812,615,245,freeviewing
1,novel_1,3,574,868,121,freeviewing
1,novel_1,4,1047,471,241,freeviewing
1,novel_1,5,1181,285,218,freeviewing
1,novel_1,6,1368,590,212,freeviewing
1,novel_1,7,1276,1006,219,freeviewing
1,novel_1,8,538,872,205,freeviewing
1,novel_1,9,400,687,185,freeviewing
1,novel_1,10,297,411,289,freeviewing
1,novel_1,11,474,664,133,freeviewing
1,novel_1,12,441,687,629,freeviewing
1,novel_1,13,460,581,254,freeviewing
1,novel_1,14,775,595,273,freeviewing
1,novel_1,15,926,443,214,freeviewing
1,novel_1,16,921,538,134,freeviewing
1,novel_1,17,957,341,247,freeviewing
1,familiar_1,1,588,570,257,freeviewing
1,familiar_1,2,614,846,166,freeviewing
1,familiar_1,3,617,599,139,freeviewing
1,familiar_1,4,590,583,223,freeviewing
1,familiar_1,5,341,803,205,freeviewing
1,familiar_1,6,350,730,98,freeviewing
1,familiar_1,7,482,820,220,freeviewing
1,familiar_1,8,142,835,343,freeviewing
1,familiar_1,9,46,829,302,freeviewing
1,familiar_1,10,269,476,193,freeviewing
1,familiar_1,11,295,354,199,freeviewing
1,familiar_1,12,570,566,157,freeviewing
1,familiar_1,13,373,488,202,freeviewing
1,familiar_1,14,462,347,211,freeviewing
1,familiar_1,15,620,333,239,freeviewing
1,familiar_1,16,392,381,247,freeviewing
1,familiar_1,17,448,334,207,freeviewing
1,familiar_1,18,494,112,157,freeviewing
1,familiar_1,19,520,350,283,freeviewing
1,familiar_1,20,280,122,324,freeviewing
1,familiar_43,1,842,401,244,freeviewing
1,familiar_43,2,711,270,192,freeviewing
1,familiar_43,3,817,404,131,freeviewing
1,familiar_43,4,849,122,203,freeviewing
1,familiar_43,5,819,393,251,freeviewing
1,familiar_43,6,315,335,189,freeviewing
1,familiar_43,7,299,319,171,freeviewing
1,familiar_43,8,103,567,169,freeviewing
1,familiar_43,9,420,513,157,freeviewing
1,familiar_43,10,147,502,175,freeviewing
1,familiar_43,11,187,811,229,freeviewing
1,familiar_43,12,353,1006,182,freeviewing
1,familiar_43,13,394,991,153,freeviewing
1,familiar_43,14,371,1012,225,freeviewing
1,familiar_43,15,199,810,178,freeviewing
1,familiar_43,16,304,1063,219,freeviewing
1,familiar_43,17,367,1012,227,freeviewing
1,familiar_43,18,421,1001,232,freeviewing
1,familiar_43,19,551,986,171,freeviewing
1,familiar_43,20,656,833,244,freeviewing
1,novel_29,1,742,526,184,freeviewing
1,novel_29,2,824,646,207,freeviewing
1,novel_29,3,696,426,258,freeviewing
1,novel_29,4,1255,334,279,freeviewing
1,novel_29,5,1224,332,132,freeviewing
1,novel_29,6,1039,182,268,freeviewing
1,novel_29,7,435,497,244,freeviewing
1,novel_29,8,383,587,205,freeviewing
1,novel_29,9,331,493,139,freeviewing
1,novel_29,10,365,857,221,freeviewing
1,novel_29,11,626,721,227,freeviewing
1,novel_29,12,182,792,101,freeviewing
1,novel_29,13,781,641,249,freeviewing
1,novel_29,14,1015,610,248,freeviewing
1,novel_29,15,1249,992,184,freeviewing
1,novel_29,16,1338,724,226,freeviewing
1,novel_29,17,1310,605,183,freeviewing
1,novel_29,18,780,577,372,freeviewing
1,familiar_92,1,612,655,222,freeviewing
1,familiar_92,2,741,902,212,freeviewing
1,familiar_92,3,752,814,209,freeviewing
1,familiar_92,4,1013,877,150,freeviewing
1,familiar_92,5,963,1039,119,freeviewing
1,familiar_92,6,1345,929,185,freeviewing
1,familiar_92,7,1380,622,147,freeviewing
1,familiar_92,8,1379,459,192,freeviewing
1,familiar_92,9,1235,509,152,freeviewing
1,familiar_92,10,1365,65,195,freeviewing
1,familiar_92,11,602,688,211,freeviewing
1,familiar_92,12,403,607,254,freeviewing
1,familiar_92,13,535,512,204,freeviewing
1,familiar_92,14,322,345,223,freeviewing
1,familiar_92,15,22,317,191,freeviewing
1,familiar_92,16,55,951,217,freeviewing
1,familiar_92,17,396,338,190,freeviewing
1,familiar_92,18,586,669,189,freeviewing
1,familiar_92,19,1004,739,148,freeviewing
1,familiar_92,20,793,560,170,freeviewing
1,familiar_92,21,815,631,247,freeviewing
1,novel_27,1,704,501,224,freeviewing
1,novel_27,2,521,424,227,freeviewing
1,novel_27,3,439,417,224,freeviewing
1,novel_27,4,429,308,191,freeviewing
1,novel_27,5,299,313,232,freeviewing
1,novel_27,6,188,91,142,freeviewing
1,novel_27,7,64,261,219,freeviewing
1,novel_27,8,238,442,438,freeviewing
1,novel_27,9,242,601,174,freeviewing
1,novel_27,10,218,526,189,freeviewing
1,novel_27,11,451,487,133,freeviewing
1,novel_27,12,42,507,173,freeviewing
1,novel_27,13,688,503,233,freeviewing
1,novel_27,14,676,400,246,freeviewing
1,novel_27,15,763,698,256,freeviewing
1,novel_27,16,660,877,195,freeviewing
1,novel_27,17,945,432,265,freeviewing
1,novel_27,18,942,551,170,freeviewing
1,novel_27,19,1119,432,194,freeviewing
1,familiar_70,1,750,417,244,freeviewing
1,familiar_70,2,1004,326,278,freeviewing
1,familiar_70,3,1172,444,206,freeviewing
1,familiar_70,4,1399,397,131,freeviewing
1,familiar_70,5,1316,335,227,freeviewing
1,familiar_70,6,1174,458,166,freeviewing
1,familiar_70,7,1171,514,189,freeviewing
1,familiar_70,8,1105,522,454,freeviewing
1,familiar_70,9,956,467,234,freeviewing
1,familiar_70,10,996,325,177,freeviewing
1,familiar_70,11,732,488,180,freeviewing
1,familiar_70,12,660,589,210,freeviewing
1,familiar_70,13,738,403,205,freeviewing
1,familiar_70,14,629,638,139,freeviewing
1,familiar_70,15,746,249,284,freeviewing
1,familiar_70,16,1357,391,293,freeviewing
1,novel_34,1,762,445,271,freeviewing
1,novel_34,2,824,330,219,freeviewing
1,novel_34,3,133,573,159,freeviewing
1,novel_34,4,95,509,154,freeviewing
1,novel_34,5,428,794,222,freeviewing
1,novel_34,6,503,498,179,freeviewing
1,novel_34,7,445,472,135,freeviewing
1,novel_34,8,465,355,216,freeviewing
1,novel_34,9,402,544,127,freeviewing
1,novel_34,10,435,265,262,freeviewing
1,novel_34,11,388,511,225,freeviewing
1,novel_34,12,706,641,210,freeviewing
1,novel_34,13,848,697,162,freeviewing
1,novel_34,14,717,672,151,freeviewing
1,novel_34,15,838,597,309,freeviewing
1,novel_34,16,1111,691,222,freeviewing
1,novel_34,17,1158,616,196,freeviewing
1,novel_34,18,1362,798,170,freeviewing
1,novel_34,19,1203,490,179,freeviewing
1,novel_34,20,1212,460,163,freeviewing
1,novel_34,21,936,374,185,freeviewing
1,novel_34,22,797,437,298,freeviewing
1,novel_64,1,713,581,230,freeviewing
1,novel_64,2,612,375,291,freeviewing
1,novel_64,3,525,189,202,freeviewing
1,novel_64,4,497,151,138,freeviewing
1,novel_64,5,673,183,159,freeviewing
1,novel_64,6,488,167,258,freeviewing
1,novel_64,7,240,129,172,freeviewing
1,novel_64,8,326,374,123,freeviewing
1,novel_64,9,261,743,200,freeviewing
1,novel_64,10,311,796,75,freeviewing
1,novel_64,11,131,622,184,freeviewing
1,novel_64,12,96,1045,197,freeviewing
1,novel_64,13,51,755,100,freeviewing
1,novel_64,14,720,607,248,freeviewing
1,novel_71,1,750,571,202,freeviewing
1,novel_71,2,742,421,251,freeviewing
1,novel_71,3,409,388,237,freeviewing
1,novel_71,4,809,797,222,freeviewing
1,novel_71,5,1130,618,232,freeviewing
1,novel_71,6,1142,518,206,freeviewing
1,novel_71,7,1151,306,193,freeviewing
1,novel_71,8,1357,658,172,freeviewing
1,novel_71,9,1300,1003,256,freeviewing
1,novel_71,10,1135,959,172,freeviewing
1,novel_71,11,890,1049,190,freeviewing
1,novel_71,12,771,1023,180,freeviewing
1,novel_71,13,473,870,160,freeviewing
1,novel_71,14,401,863,186,freeviewing
1,novel_71,15,118,594,225,freeviewing
1,novel_71,16,120,368,137,freeviewing
1,novel_71,17,207,574,150,freeviewing
1,novel_71,18,79,324,159,freeviewing
1,novel_71,19,412,322,206,freeviewing
1,novel_71,20,410,443,165,freeviewing
1,familiar_97,1,395,569,307,freeviewing
1,familiar_97,2,1138,717,266,freeviewing
1,familiar_97,3,705,985,175,freeviewing
1,familiar_97,4,1132,866,126,freeviewing
1,familiar_97,5,1106,975,269,freeviewing
1,familiar_97,6,650,515,250,freeviewing
1,familiar_97,7,877,411,134,freeviewing
1,familiar_97,8,1148,658,242,freeviewing
1,familiar_97,9,1380,860,256,freeviewing
1,familiar_97,10,1011,501,196,freeviewing
1,familiar_97,11,1185,268,131,freeviewing
1,familiar_97,12,1077,413,124,freeviewing
1,familiar_97,13,1111,177,143,freeviewing
1,familiar_97,14,840,439,361,freeviewing
1,familiar_97,15,1155,681,199,freeviewing
1,familiar_97,16,1199,456,113,freeviewing
1,familiar_97,17,1125,701,335,freeviewing
1,novel_3,1,830,528,234,freeviewing
1,novel_3,2,726,362,279,freeviewing
1,novel_3,3,391,544,191,freeviewing
1,novel_3,4,515,372,128,freeviewing
1,novel_3,5,414,539,288,freeviewing
1,novel_3,6,317,592,175,freeviewing
1,novel_3,7,365,667,195,freeviewing
1,novel_3,8,641,802,200,freeviewing
1,novel_3,9,412,546,157,freeviewing
1,novel_3,10,792,766,299,freeviewing
1,novel_3,11,405,553,154,freeviewing
1,novel_3,12,296,552,269,freeviewing
1,novel_3,13,155,749,175,freeviewing
1,novel_3,14,338,567,197,freeviewing
1,novel_3,15,365,587,240,freeviewing
1,novel_3,16,430,542,561,freeviewing
1,novel_3,17,298,548,285,freeviewing
1,novel_3,18,307,606,26,freeviewing
1,novel_3,19,318,638,226,freeviewing
1,novel_14,1,617,495,272,freeviewing
1,novel_14,2,683,543,208,freeviewing
1,novel_14,3,839,485,215,freeviewing
1,novel_14,4,1074,483,222,freeviewing
1,novel_14,5,1127,432,161,freeviewing
1,novel_14,6,1138,605,184,freeviewing
1,novel_14,7,1019,833,136,freeviewing
1,novel_14,8,832,531,210,freeviewing
1,novel_14,9,599,488,186,freeviewing
1,novel_14,10,586,235,261,freeviewing
1,novel_14,11,268,437,292,freeviewing
1,novel_14,12,366,363,177,freeviewing
1,novel_14,13,1082,570,249,freeviewing
1,novel_14,14,1317,463,500,freeviewing
1,novel_14,15,1061,479,271,freeviewing
1,novel_14,16,1125,437,175,freeviewing
1,novel_14,17,895,502,292,freeviewing
1,novel_14,18,845,568,198,freeviewing
1,novel_14,19,655,558,212,freeviewing
1,novel_28,1,550,572,264,freeviewing
1,novel_28,2,338,596,198,freeviewing
1,novel_28,3,142,651,180,freeviewing
1,novel_28,4,97,246,231,freeviewing
1,novel_28,5,634,382,180,freeviewing
1,novel_28,6,611,448,176,freeviewing
1,novel_28,7,882,434,191,freeviewing
1,novel_28,8,711,711,165,freeviewing
1,novel_28,9,984,578,110,freeviewing
1,novel_28,10,764,816,264,freeviewing
1,novel_28,11,860,694,154,freeviewing
1,novel_28,12,854,872,196,freeviewing
1,novel_28,13,865,963,198,freeviewing
1,novel_28,14,711,1046,179,freeviewing
1,novel_28,15,432,843,173,freeviewing
1,novel_28,16,535,973,183,freeviewing
1,novel_28,17,290,986,178,freeviewing
1,novel_28,18,256,640,155,freeviewing
1,familiar_89,1,389,393,170,freeviewing
1,familiar_89,2,235,326,124,freeviewing
1,familiar_89,3,120,587,136,freeviewing
1,familiar_89,4,418,296,166,freeviewing
1,familiar_89,5,463,721,232,freeviewing
1,familiar_89,6,1066,479,146,freeviewing
1,familiar_89,7,887,655,163,freeviewing
1,familiar_89,8,1160,677,193,freeviewing
1,familiar_89,9,1093,1048,289,freeviewing
1,familiar_89,10,816,967,223,freeviewing
1,familiar_89,11,454,104,186,freeviewing
1,familiar_89,12,593,164,150,freeviewing
1,familiar_89,13,432,350,127,freeviewing
1,familiar_89,14,732,395,246,freeviewing
1,familiar_89,15,1128,398,259,freeviewing
1,familiar_89,16,1107,524,203,freeviewing
1,familiar_89,17,871,681,236,freeviewing
1,familiar_89,18,1116,1055,144,freeviewing
1,familiar_89,19,807,740,245,freeviewing
1,familiar_89,20,403,666,202,freeviewing
1,novel_26,1,1011,741,112,freeviewing
1,novel_26,2,646,507,241,freeviewing
1,novel_26,3,626,572,202,freeviewing
1,novel_26,4,833,866,239,freeviewing
1,novel_26,5,861,791,81,freeviewing
1,novel_26,6,572,776,182,freeviewing
1,novel_26,7,578,993,208,freeviewing
1,novel_26,8,345,1020,226,freeviewing
1,novel_26,9,351,899,148,freeviewing
1,novel_26,10,330,380,279,freeviewing
1,novel_26,11,963,768,306,freeviewing
1,novel_26,12,1253,1003,202,freeviewing
1,novel_26,13,805,875,189,freeviewing
1,novel_26,14,1319,732,189,freeviewing
1,novel_26,15,1306,580,154,freeviewing
1,novel_26,16,1282,801,179,freeviewing
1,novel_26,17,1268,1018,150,freeviewing
1,novel_26,18,992,798,150,freeviewing
1,novel_26,19,819,336,255,freeviewing
1,novel_26,20,782,291,172,freeviewing
1,novel_26,21,968,284,254,freeviewing
1,familiar_21,1,609,648,159,freeviewing
1,familiar_21,2,735,512,182,freeviewing
1,familiar_21,3,1005,473,207,freeviewing
1,familiar_21,4,753,162,277,freeviewing
1,familiar_21,5,722,197,318,freeviewing
1,familiar_21,6,753,193,292,freeviewing
1,familiar_21,7,766,147,154,freeviewing
1,familiar_21,8,647,159,178,freeviewing
1,familiar_21,9,579,275,171,freeviewing
1,familiar_21,10,574,130,189,freeviewing
1,familiar_21,11,558,317,265,freeviewing
1,familiar_21,12,655,684,241,freeviewing
1,familiar_21,13,524,281,160,freeviewing
1,familiar_21,14,554,328,235,freeviewing
1,familiar_21,15,520,402,201,freeviewing
1,familiar_21,16,455,267,235,freeviewing
1,familiar_21,17,327,573,139,freeviewing
1,familiar_21,18,427,150,198,freeviewing
1,familiar_21,19,402,582,291,freeviewing
1,familiar_21,20,524,667,193,freeviewing
1,familiar_75,1,513,452,303,freeviewing
1,familiar_75,2,448,398,294,freeviewing
1,familiar_75,3,223,420,138,freeviewing
1,familiar_75,4,416,848,210,freeviewing
1,familiar_75,5,132,798,120,freeviewing
1,familiar_75,6,430,771,195,freeviewing
1,familiar_75,7,435,663,259,freeviewing
1,familiar_75,8,186,668,194,freeviewing
1,familiar_75,9,132,783,247,freeviewing
1,familiar_75,10,98,981,270,freeviewing
1,familiar_75,11,380,1009,214,freeviewing
1,familiar_75,12,1026,891,179,freeviewing
1,familiar_75,13,1062,744,199,freeviewing
1,familiar_75,14,1384,719,116,freeviewing
1,familiar_75,15,1033,744,177,freeviewing
1,familiar_75,16,1226,433,203,freeviewing
1,familiar_75,17,1235,397,135,freeviewing
1,familiar_75,18,970,247,247,freeviewing
1,familiar_75,19,986,242,336,freeviewing
1,familiar_75,20,984,361,239,freeviewing
1,novel_92,1,669,545,252,freeviewing
1,novel_92,2,599,519,167,freeviewing
1,novel_92,3,746,686,213,freeviewing
1,novel_92,4,942,730,109,freeviewing
1,novel_92,5,778,604,255,freeviewing
1,novel_92,6,915,739,233,freeviewing
1,novel_92,7,933,722,169,freeviewing
1,novel_92,8,1110,655,155,freeviewing
1,novel_92,9,676,811,206,freeviewing
1,novel_92,10,432,759,154,freeviewing
1,novel_92,11,635,659,146,freeviewing
1,novel_92,12,365,763,193,freeviewing
1,novel_92,13,144,722,270,freeviewing
1,novel_92,14,110,513,231,freeviewing
1,novel_92,15,222,367,211,freeviewing
1,novel_92,16,505,318,233,freeviewing
1,novel_92,17,509,362,318,freeviewing
1,novel_92,18,286,359,244,freeviewing
1,novel_92,19,204,197,225,freeviewing
1,novel_92,20,718,164,250,freeviewing
1,familiar_44,1,749,330,228,freeviewing
1,familiar_44,2,1106,461,243,freeviewing
1,familiar_44,3,1284,434,131,freeviewing
1,familiar_44,4,1078,376,257,freeviewing
1,familiar_44,5,854,890,194,freeviewing
1,familiar_44,6,631,878,183,freeviewing
1,familiar_44,7,1130,1026,145,freeviewing
1,familiar_44,8,638,876,205,freeviewing
1,familiar_44,9,983,1041,274,freeviewing
1,familiar_44,10,1035,950,218,freeviewing
1,familiar_44,11,1001,1040,209,freeviewing
1,familiar_44,12,799,960,251,freeviewing
1,familiar_44,13,803,628,186,freeviewing
1,familiar_44,14,373,660,124,freeviewing
1,familiar_44,15,718,537,246,freeviewing
1,familiar_44,16,781,646,231,freeviewing
1,familiar_44,17,475,751,200,freeviewing
1,familiar_44,18,259,899,205,freeviewing
1,familiar_44,19,315,904,236,freeviewing
1,familiar_44,20,266,976,195,freeviewing
1,familiar_46,1,557,555,162,freeviewing
1,familiar_46,2,738,374,212,freeviewing
1,familiar_46,3,293,302,161,freeviewing
1,familiar_46,4,226,246,122,freeviewing
1,familiar_46,5,307,465,224,freeviewing
1,familiar_46,6,288,510,215,freeviewing
1,familiar_46,7,155,700,219,freeviewing
1,familiar_46,8,489,712,238,freeviewing
1,familiar_46,9,187,1043,227,freeviewing
1,familiar_46,10,757,952,238,freeviewing
1,familiar_46,11,792,803,157,freeviewing
1,familiar_46,12,985,913,127,freeviewing
1,familiar_46,13,796,826,338,freeviewing
1,familiar_46,14,1041,927,222,freeviewing
1,familiar_46,15,1088,900,157,freeviewing
1,familiar_46,16,953,999,264,freeviewing
1,familiar_46,17,1166,1011,167,freeviewing
1,familiar_46,18,905,1068,260,freeviewing
1,familiar_46,19,689,1059,252,freeviewing
1,novel_47,1,507,497,270,freeviewing
1,novel_47,2,545,372,197,freeviewing
1,novel_47,3,324,786,253,freeviewing
1,novel_47,4,322,872,220,freeviewing
1,novel_47,5,285,717,119,freeviewing
1,novel_47,6,332,897,246,freeviewing
1,novel_47,7,313,717,317,freeviewing
1,novel_47,8,237,729,192,freeviewing
1,novel_47,9,188,222,231,freeviewing
1,novel_47,10,203,326,142,freeviewing
1,novel_47,11,538,373,262,freeviewing
1,novel_47,12,914,507,209,freeviewing
1,novel_47,13,1116,277,183,freeviewing
1,novel_47,14,1412,40,145,freeviewing
1,novel_47,15,953,106,273,freeviewing
1,novel_47,16,1255,607,221,freeviewing
1,novel_47,17,1305,494,128,freeviewing
1,novel_47,18,1239,716,178,freeviewing
1,novel_47,19,1091,1030,283,freeviewing
1,familiar_26,1,953,697,135,freeviewing
1,familiar_26,2,909,332,215,freeviewing
1,familiar_26,3,894,363,186,freeviewing
1,familiar_26,4,537,280,256,freeviewing
1,familiar_26,5,462,306,189,freeviewing
1,familiar_26,6,503,703,292,freeviewing
1,familiar_26,7,469,714,211,freeviewing
1,familiar_26,8,285,868,111,freeviewing
1,familiar_26,9,424,722,232,freeviewing
1,familiar_26,10,295,680,198,freeviewing
1,familiar_26,11,254,979,231,freeviewing
1,familiar_26,12,760,767,180,freeviewing
1,familiar_26,13,418,810,230,freeviewing
1,familiar_26,14,840,365,235,freeviewing
1,familiar_26,15,435,778,95,freeviewing
1,familiar_26,16,867,244,255,freeviewing
1,familiar_26,17,507,815,236,freeviewing
1,familiar_26,18,491,771,58,freeviewing
1,familiar_26,19,509,744,113,freeviewing
1,familiar_26,20,484,813,265,freeviewing
1,familiar_26,21,317,824,262,freeviewing
1,familiar_64,1,773,230,231,freeviewing
1,familiar_64,2,604,552,199,freeviewing
1,familiar_64,3,387,530,250,freeviewing
1,familiar_64,4,361,625,208,freeviewing
1,familiar_64,5,118,355,182,freeviewing
1,familiar_64,6,495,608,290,freeviewing
1,familiar_64,7,790,263,115,freeviewing
1,familiar_64,8,555,568,336,freeviewing
1,familiar_64,9,746,264,180,freeviewing
1,familiar_64,10,770,315,167,freeviewing
1,familiar_64,11,787,294,351,freeviewing
1,familiar_64,12,918,577,309,freeviewing
1,familiar_64,13,1172,480,359,freeviewing
1,familiar_64,14,1072,774,209,freeviewing
1,familiar_64,15,1030,680,235,freeviewing
1,familiar_64,16,763,584,212,freeviewing
1,familiar_64,17,846,721,109,freeviewing
1,familiar_64,18,742,592,343,freeviewing
1,novel_87,1,785,510,265,freeviewing
1,novel_87,2,809,614,205,freeviewing
1,novel_87,3,1259,575,186,freeviewing
1,novel_87,4,800,579,213,freeviewing
1,novel_87,5,1156,665,260,freeviewing
1,novel_87,6,1248,299,221,freeviewing
1,novel_87,7,944,246,244,freeviewing
1,novel_87,8,1234,333,155,freeviewing
1,novel_87,9,959,254,270,freeviewing
1,novel_87,10,947,297,180,freeviewing
1,novel_87,11,809,355,280,freeviewing
1,novel_87,12,802,511,224,freeviewing
1,novel_87,13,809,628,153,freeviewing
1,novel_87,14,645,931,200,freeviewing
1,novel_87,15,696,813,191,freeviewing
1,novel_87,16,50,862,179,freeviewing
1,novel_87,17,178,665,258,freeviewing
1,novel_87,18,259,304,293,freeviewing
1,novel_87,19,232,333,147,freeviewing
1,novel_87,20,227,203,133,freeviewing
1,novel_10,1,651,446,249,freeviewing
1,novel_10,2,407,402,133,freeviewing
1,novel_10,3,565,415,287,freeviewing
1,novel_10,4,472,616,239,freeviewing
1,novel_10,5,102,441,168,freeviewing
1,novel_10,6,68,760,135,freeviewing
1,novel_10,7,300,187,226,freeviewing
1,novel_10,8,641,971,214,freeviewing
1,novel_10,9,981,615,181,freeviewing
1,novel_10,10,1093,779,130,freeviewing
1,novel_10,11,893,655,217,freeviewing
1,novel_10,12,1298,651,155,freeviewing
1,novel_10,13,882,705,252,freeviewing
1,novel_10,14,1291,511,224,freeviewing
1,novel_10,15,1077,578,292,freeviewing
1,novel_10,16,856,574,168,freeviewing
1,novel_10,17,1105,455,227,freeviewing
1,novel_10,18,823,591,253,freeviewing
1,novel_10,19,766,567,242,freeviewing
1,novel_10,20,655,546,350,freeviewing
1,novel_4,1,935,121,222,freeviewing
1,novel_4,2,1394,432,176,freeviewing
1,novel_4,3,1123,734,112,freeviewing
1,novel_4,4,1402,484,201,freeviewing
1,novel_4,5,1389,456,247,freeviewing
1,novel_4,6,1231,906,212,freeviewing
1,novel_4,7,1192,743,183,freeviewing
1,novel_4,8,1219,503,147,freeviewing
1,novel_4,9,978,718,178,freeviewing
1,novel_4,10,783,581,253,freeviewing
1,novel_4,11,943,487,232,freeviewing
1,novel_4,12,315,545,215,freeviewing
1,novel_4,13,569,661,302,freeviewing
1,novel_4,14,686,447,222,freeviewing
1,novel_4,15,931,343,233,freeviewing
1,novel_4,16,933,467,185,freeviewing
1,novel_4,17,80,133,235,freeviewing
1,novel_4,18,123,593,160,freeviewing
1,familiar_8,1,723,341,128,freeviewing
1,familiar_8,2,534,415,246,freeviewing
1,familiar_8,3,670,345,281,freeviewing
1,familiar_8,4,723,418,240,freeviewing
1,familiar_8,5,739,452,118,freeviewing
1,familiar_8,6,922,257,142,freeviewing
1,familiar_8,7,941,220,81,freeviewing
1,familiar_8,8,1048,485,153,freeviewing
1,familiar_8,9,1050,926,228,freeviewing
1,familiar_8,10,862,856,179,freeviewing
1,familiar_8,11,691,1036,231,freeviewing
1,familiar_8,12,520,1020,219,freeviewing
1,familiar_8,13,262,768,172,freeviewing
1,familiar_8,14,1056,922,254,freeviewing
1,familiar_8,15,1032,884,223,freeviewing
1,familiar_8,16,1360,1034,224,freeviewing
1,familiar_8,17,781,387,280,freeviewing
1,familiar_8,18,725,466,145,freeviewing
1,familiar_8,19,785,354,240,freeviewing
1,novel_30,1,790,573,184,freeviewing
1,novel_30,2,843,226,314,freeviewing
1,novel_30,3,717,179,193,freeviewing
1,novel_30,4,367,133,232,freeviewing
1,novel_30,5,1,134,172,freeviewing
1,novel_30,6,357,858,185,freeviewing
1,novel_30,7,365,750,198,freeviewing
1,novel_30,8,313,455,285,freeviewing
1,novel_30,9,271,510,144,freeviewing
1,novel_30,10,139,405,166,freeviewing
1,novel_30,11,520,478,216,freeviewing
1,novel_30,12,782,478,192,freeviewing
1,novel_30,13,824,657,204,freeviewing
1,novel_30,14,880,783,223,freeviewing
1,novel_30,15,1003,616,239,freeviewing
1,novel_30,16,802,470,535,freeviewing
1,novel_30,17,635,568,174,freeviewing
1,novel_30,18,631,493,224,freeviewing
1,familiar_25,1,892,654,206,freeviewing
1,familiar_25,2,788,659,192,freeviewing
1,familiar_25,3,509,675,141,freeviewing
1,familiar_25,4,704,659,156,freeviewing
1,familiar_25,5,489,674,190,freeviewing
1,familiar_25,6,478,879,264,freeviewing
1,familiar_25,7,368,562,193,freeviewing
1,familiar_25,8,343,474,167,freeviewing
1,familiar_25,9,301,398,521,freeviewing
1,familiar_25,10,143,712,196,freeviewing
1,familiar_25,11,40,464,235,freeviewing
1,familiar_25,12,94,667,164,freeviewing
1,familiar_25,13,112,752,176,freeviewing
1,familiar_25,14,503,856,303,freeviewing
1,familiar_25,15,513,682,178,freeviewing
1,familiar_25,16,623,666,216,freeviewing
1,familiar_25,17,721,635,271,freeviewing
1,familiar_25,18,906,359,174,freeviewing
1,familiar_25,19,812,671,220,freeviewing
1,familiar_25,20,802,628,222,freeviewing
1,familiar_67,1,788,393,337,freeviewing
1,familiar_67,2,385,864,216,freeviewing
1,familiar_67,3,395,890,43,freeviewing
1,familiar_67,4,625,796,200,freeviewing
1,familiar_67,5,737,800,119,freeviewing
1,familiar_67,6,667,707,188,freeviewing
1,familiar_67,7,702,805,242,freeviewing
1,familiar_67,8,993,680,184,freeviewing
1,familiar_67,9,791,1078,129,freeviewing
1,familiar_67,10,1173,504,244,freeviewing
1,familiar_67,11,1202,782,180,freeviewing
1,familiar_67,12,1237,689,98,freeviewing
1,familiar_67,13,1246,854,186,freeviewing
1,familiar_67,14,1236,725,179,freeviewing
1,familiar_67,15,1158,1062,254,freeviewing
1,familiar_67,16,981,1079,183,freeviewing
1,familiar_67,17,750,1074,191,freeviewing
1,familiar_67,18,380,892,184,freeviewing
1,familiar_67,19,35,1050,154,freeviewing
1,familiar_67,20,14,1058,263,freeviewing
1,novel_67,1,555,464,219,freeviewing
1,novel_67,2,356,493,216,freeviewing
1,novel_67,3,227,541,193,freeviewing
1,novel_67,4,159,363,167,freeviewing
1,novel_67,5,502,271,185,freeviewing
1,novel_67,6,512,163,223,freeviewing
1,novel_67,7,493,198,207,freeviewing
1,novel_67,8,854,358,297,freeviewing
1,novel_67,9,1129,512,179,freeviewing
1,novel_67,10,890,379,279,freeviewing
1,novel_67,11,620,908,260,freeviewing
1,novel_67,12,680,1028,95,freeviewing
1,novel_67,13,743,839,190,freeviewing
1,novel_67,14,799,852,147,freeviewing
1,novel_67,15,1101,615,178,freeviewing
1,novel_67,16,972,950,188,freeviewing
1,novel_67,17,1213,430,265,freeviewing
1,novel_67,18,1189,211,224,freeviewing
1,novel_67,19,1114,399,209,freeviewing
1,familiar_74,1,805,643,313,freeviewing
1,familiar_74,2,1050,186,271,freeviewing
1,familiar_74,3,1012,292,205,freeviewing
1,familiar_74,4,349,589,197,freeviewing
1,familiar_74,5,343,539,683,freeviewing
1,familiar_74,6,160,510,193,freeviewing
1,familiar_74,7,240,603,129,freeviewing
1,familiar_74,8,107,466,226,freeviewing
1,familiar_74,9,58,581,155,freeviewing
1,familiar_74,10,84,1013,237,freeviewing
1,familiar_74,11,86,933,128,freeviewing
1,familiar_74,12,643,888,295,freeviewing
1,familiar_74,13,659,671,197,freeviewing
1,familiar_74,14,380,1043,205,freeviewing
1,familiar_74,15,620,921,264,freeviewing
1,novel_62,1,637,589,99,freeviewing
1,novel_62,2,815,546,137,freeviewing
1,novel_62,3,656,577,245,freeviewing
1,novel_62,4,635,584,236,freeviewing
1,novel_62,5,334,452,232,freeviewing
1,novel_62,6,308,364,265,freeviewing
1,novel_62,7,307,455,167,freeviewing
1,novel_62,8,304,415,331,freeviewing
1,novel_62,9,336,346,283,freeviewing
1,novel_62,10,280,352,242,freeviewing
1,novel_62,11,195,363,216,freeviewing
1,novel_62,12,72,403,184,freeviewing
1,novel_62,13,71,575,33,freeviewing
1,novel_62,14,77,635,158,freeviewing
1,novel_62,15,80,933,139,freeviewing
1,novel_62,16,8,311,160,freeviewing
1,novel_62,17,4,261,153,freeviewing
1,novel_62,18,321,363,158,freeviewing
1,novel_62,19,332,477,340,freeviewing
1,novel_62,20,296,415,231,freeviewing
1,novel_62,21,334,342,265,freeviewing
1,novel_38,1,691,444,226,freeviewing
1,novel_38,2,668,610,220,freeviewing
1,novel_38,3,444,548,156,freeviewing
1,novel_38,4,983,439,193,freeviewing
1,novel_38,5,453,549,195,freeviewing
1,novel_38,6,390,621,210,freeviewing
1,novel_38,7,219,158,247,freeviewing
1,novel_38,8,568,354,283,freeviewing
1,novel_38,9,562,294,185,freeviewing
1,novel_38,10,244,345,130,freeviewing
1,novel_38,11,445,303,219,freeviewing
1,novel_38,12,470,245,152,freeviewing
1,novel_38,13,384,252,172,freeviewing
1,novel_38,14,658,462,234,freeviewing
1,novel_38,15,277,595,186,freeviewing
1,novel_38,16,277,925,286,freeviewing
1,novel_38,17,195,898,169,freeviewing
1,novel_38,18,204,881,274,freeviewing
1,novel_38,19,182,933,266,freeviewing
1,novel_38,20,232,620,325,freeviewing
1,familiar_72,1,691,439,206,freeviewing
1,familiar_72,2,694,409,159,freeviewing
1,familiar_72,3,664,478,565,freeviewing
1,familiar_72,4,686,409,438,freeviewing
1,familiar_72,5,594,318,595,freeviewing
1,familiar_72,6,462,287,112,freeviewing
1,familiar_72,7,657,171,125,freeviewing
1,familiar_72,8,684,252,95,freeviewing
1,familiar_72,9,631,142,210,freeviewing
1,familiar_72,10,683,402,570,freeviewing
1,familiar_72,11,694,431,250,freeviewing
1,familiar_72,12,880,297,273,freeviewing
1,familiar_72,13,674,218,217,freeviewing
1,familiar_72,14,692,396,181,freeviewing
1,familiar_72,15,402,299,250,freeviewing
1,familiar_72,16,503,382,171,freeviewing
1,familiar_49,1,634,487,290,freeviewing
1,familiar_49,2,1101,431,196,freeviewing
1,familiar_49,3,1044,499,214,freeviewing
1,familiar_49,4,1153,500,247,freeviewing
1,familiar_49,5,1353,887,200,freeviewing
1,familiar_49,6,1102,986,132,freeviewing
1,familiar_49,7,577,1018,220,freeviewing
1,familiar_49,8,516,577,181,freeviewing
1,familiar_49,9,527,509,139,freeviewing
1,familiar_49,10,521,548,235,freeviewing
1,familiar_49,11,364,135,276,freeviewing
1,familiar_49,12,157,65,190,freeviewing
1,familiar_49,13,808,394,130,freeviewing
1,familiar_49,14,327,44,227,freeviewing
1,familiar_49,15,1030,242,203,freeviewing
1,familiar_49,16,1012,361,158,freeviewing
1,familiar_49,17,958,662,250,freeviewing
1,familiar_31,1,742,530,248,freeviewing
1,familiar_31,2,922,700,353,freeviewing
1,familiar_31,3,952,596,130,freeviewing
1,familiar_31,4,951,896,119,freeviewing
1,familiar_31,5,1300,422,250,freeviewing
1,familiar_31,6,1222,304,257,freeviewing
1,familiar_31,7,1135,464,145,freeviewing
1,familiar_31,8,1309,418,291,freeviewing
1,familiar_31,9,902,706,206,freeviewing
1,familiar_31,10,835,729,301,freeviewing
1,familiar_31,11,957,720,302,freeviewing
1,familiar_31,12,1039,633,156,freeviewing
1,familiar_31,13,707,364,183,freeviewing
1,familiar_31,14,630,499,196,freeviewing
1,familiar_31,15,552,523,140,freeviewing
1,familiar_31,16,543,444,147,freeviewing
1,familiar_31,17,551,521,176,freeviewing
1,familiar_31,18,597,363,157,freeviewing
1,familiar_31,19,440,475,200,freeviewing
1,familiar_31,20,236,822,217,freeviewing
1,novel_95,1,722,550,207,freeviewing
1,novel_95,2,719,579,206,freeviewing
1,novel_95,3,386,789,202,freeviewing
1,novel_95,4,392,931,240,freeviewing
1,novel_95,5,180,1004,265,freeviewing
1,novel_95,6,100,790,136,freeviewing
1,novel_95,7,346,562,244,freeviewing
1,novel_95,8,321,349,224,freeviewing
1,novel_95,9,334,361,277,freeviewing
1,novel_95,10,332,314,376,freeviewing
1,novel_95,11,336,268,166,freeviewing
1,novel_95,12,588,162,204,freeviewing
1,novel_95,13,1170,514,214,freeviewing
1,novel_95,14,1096,538,120,freeviewing
1,novel_95,15,1180,525,229,freeviewing
1,novel_95,16,1095,533,390,freeviewing
1,novel_95,17,1110,620,166,freeviewing
1,novel_95,18,1105,554,242,freeviewing
1,novel_95,19,1078,867,269,freeviewing
1,novel_95,20,1179,921,293,freeviewing
1,familiar_23,1,669,676,453,freeviewing
1,familiar_23,2,802,359,231,freeviewing
1,familiar_23,3,1042,149,191,freeviewing
1,familiar_23,4,858,141,129,freeviewing
1,familiar_23,5,932,162,273,freeviewing
1,familiar_23,6,978,160,145,freeviewing
1,familiar_23,7,861,188,218,freeviewing
1,familiar_23,8,452,293,232,freeviewing
1,familiar_23,9,520,143,117,freeviewing
1,familiar_23,10,413,320,264,freeviewing
1,familiar_23,11,206,367,223,freeviewing
1,familiar_23,12,401,311,232,freeviewing
1,familiar_23,13,414,321,190,freeviewing
1,familiar_23,14,388,388,128,freeviewing
1,familiar_23,15,325,259,262,freeviewing
1,familiar_23,16,380,129,274,freeviewing
1,familiar_23,17,434,115,203,freeviewing
1,familiar_23,18,800,321,298,freeviewing
1,novel_99,1,652,551,246,freeviewing
1,novel_99,2,480,291,309,freeviewing
1,novel_99,3,714,512,188,freeviewing
1,novel_99,4,820,488,270,freeviewing
1,novel_99,5,652,533,237,freeviewing
1,novel_99,6,1036,684,201,freeviewing
1,novel_99,7,1126,654,253,freeviewing
1,novel_99,8,1091,628,331,freeviewing
1,novel_99,9,1082,481,173,freeviewing
1,novel_99,10,1324,481,237,freeviewing
1,novel_99,11,1385,878,126,freeviewing
1,novel_99,12,1292,481,303,freeviewing
1,novel_99,13,1248,296,201,freeviewing
1,novel_99,14,1266,289,115,freeviewing
1,novel_99,15,1156,367,234,freeviewing
1,novel_99,16,1082,392,107,freeviewing
1,novel_99,17,1098,624,235,freeviewing
1,novel_99,18,921,516,303,freeviewing
1,novel_99,19,644,552,192,freeviewing
1,novel_77,1,928,618,219,freeviewing
1,novel_77,2,1069,860,138,freeviewing
1,novel_77,3,1127,616,216,freeviewing
1,novel_77,4,1178,645,69,freeviewing
1,novel_77,5,1037,628,161,freeviewing
1,novel_77,6,1331,595,237,freeviewing
1,novel_77,7,1367,709,227,freeviewing
1,novel_77,8,1397,728,160,freeviewing
1,novel_77,9,1165,680,243,freeviewing
1,novel_77,10,636,759,283,freeviewing
1,novel_77,11,379,326,211,freeviewing
1,novel_77,12,322,218,146,freeviewing
1,novel_77,13,812,380,162,freeviewing
1,novel_77,14,973,325,237,freeviewing
1,novel_77,15,1167,320,149,freeviewing
1,novel_77,16,1021,624,209,freeviewing
1,novel_77,17,944,647,27,freeviewing
1,novel_77,18,906,644,159,freeviewing
1,novel_77,19,842,644,178,freeviewing
1,novel_77,20,1060,884,238,freeviewing
1,novel_77,21,1069,810,239,freeviewing
1,novel_77,22,695,820,302,freeviewing
1,novel_59,1,490,456,206,freeviewing
1,novel_59,2,599,359,254,freeviewing
1,novel_59,3,524,117,194,freeviewing
1,novel_59,4,1034,492,225,freeviewing
1,novel_59,5,1070,288,115,freeviewing
1,novel_59,6,820,445,202,freeviewing
1,novel_59,7,818,418,145,freeviewing
1,novel_59,8,1383,174,107,freeviewing
1,novel_59,9,537,429,194,freeviewing
1,novel_59,10,579,361,22,freeviewing
1,novel_59,11,460,320,252,freeviewing
1,novel_59,12,600,356,335,freeviewing
1,novel_59,13,137,352,127,freeviewing
1,novel_59,14,832,413,128,freeviewing
1,novel_59,15,236,371,205,freeviewing
1,novel_59,16,291,398,132,freeviewing
1,novel_59,17,253,392,198,freeviewing
1,novel_59,18,426,195,189,freeviewing
1,novel_59,19,477,439,335,freeviewing
1,novel_59,20,478,418,221,freeviewing
1,novel_59,21,477,467,498,freeviewing
1,novel_65,1,556,683,273,freeviewing
1,novel_65,2,649,898,301,freeviewing
1,novel_65,3,315,950,204,freeviewing
1,novel_65,4,175,642,187,freeviewing
1,novel_65,5,167,602,228,freeviewing
1,novel_65,6,508,670,252,freeviewing
1,novel_65,7,558,685,173,freeviewing
1,novel_65,8,1043,888,223,freeviewing
1,novel_65,9,1103,660,129,freeviewing
1,novel_65,10,1224,897,253,freeviewing
1,novel_65,11,1244,914,124,freeviewing
1,novel_65,12,1309,579,550,freeviewing
1,novel_65,13,1330,169,220,freeviewing
1,novel_65,14,1015,336,219,freeviewing
1,novel_65,15,1308,184,94,freeviewing
1,novel_65,16,958,244,277,freeviewing
1,familiar_16,1,538,520,122,freeviewing
1,familiar_16,2,927,463,207,freeviewing
1,familiar_16,3,867,1005,275,freeviewing
1,familiar_16,4,420,998,194,freeviewing
1,familiar_16,5,234,648,181,freeviewing
1,familiar_16,6,353,172,203,freeviewing
1,familiar_16,7,520,190,161,freeviewing
1,familiar_16,8,973,546,170,freeviewing
1,familiar_16,9,958,937,219,freeviewing
1,familiar_16,10,1313,1028,281,freeviewing
1,familiar_16,11,633,850,166,freeviewing
1,familiar_16,12,692,899,174,freeviewing
1,familiar_16,13,207,1048,246,freeviewing
1,familiar_16,14,74,555,127,freeviewing
1,novel_70,1,1037,397,313,freeviewing
1,novel_70,2,1190,525,151,freeviewing
1,novel_70,3,1061,393,189,freeviewing
1,novel_70,4,1033,372,292,freeviewing
1,novel_70,5,1066,376,38,freeviewing
1,novel_70,6,1092,391,379,freeviewing
1,novel_70,7,1039,376,722,freeviewing
1,novel_70,8,505,453,294,freeviewing
1,novel_70,9,198,666,248,freeviewing
1,novel_70,10,332,655,170,freeviewing
1,novel_70,11,425,904,205,freeviewing
1,novel_70,12,517,911,252,freeviewing
1,novel_70,13,937,640,221,freeviewing
1,novel_70,14,1128,788,233,freeviewing
1,novel_70,15,1160,742,38,freeviewing
1,novel_70,16,1141,662,249,freeviewing
1,novel_70,17,1023,383,257,freeviewing
1,novel_70,18,1024,359,184,freeviewing
1,familiar_80,1,962,441,159,freeviewing
1,familiar_80,2,980,728,207,freeviewing
1,familiar_80,3,1055,594,224,freeviewing
1,familiar_80,4,1223,515,173,freeviewing
1,familiar_80,5,1390,81,266,freeviewing
1,familiar_80,6,987,405,207,freeviewing
1,familiar_80,7,739,461,168,freeviewing
1,familiar_80,8,599,474,248,freeviewing
1,familiar_80,9,519,249,235,freeviewing
1,familiar_80,10,369,598,208,freeviewing
1,familiar_80,11,108,604,241,freeviewing
1,familiar_80,12,125,606,142,freeviewing
1,familiar_80,13,47,644,143,freeviewing
1,familiar_80,14,40,544,211,freeviewing
1,familiar_80,15,67,577,150,freeviewing
1,familiar_80,16,145,602,194,freeviewing
1,familiar_80,17,123,607,333,freeviewing
1,familiar_80,18,373,323,261,freeviewing
1,familiar_80,19,354,372,40,freeviewing
1,familiar_80,20,290,423,166,freeviewing
1,familiar_80,21,261,431,222,freeviewing
1,novel_22,1,722,514,235,freeviewing
1,novel_22,2,433,460,159,freeviewing
1,novel_22,3,421,355,182,freeviewing
1,novel_22,4,435,369,203,freeviewing
1,novel_22,5,629,320,144,freeviewing
1,novel_22,6,430,363,478,freeviewing
1,novel_22,7,577,1024,158,freeviewing
1,novel_22,8,589,997,225,freeviewing
1,novel_22,9,430,939,215,freeviewing
1,novel_22,10,95,1014,200,freeviewing
1,novel_22,11,92,632,278,freeviewing
1,novel_22,12,80,234,128,freeviewing
1,novel_22,13,91,640,163,freeviewing
1,novel_22,14,79,628,212,freeviewing
1,novel_22,15,220,697,270,freeviewing
1,novel_22,16,404,481,263,freeviewing
1,novel_22,17,424,340,174,freeviewing
1,novel_22,18,437,364,275,freeviewing
1,novel_22,19,161,245,247,freeviewing
1,novel_22,20,55,181,166,freeviewing
1,novel_52,1,1059,541,258,freeviewing
1,novel_52,2,1327,500,228,freeviewing
1,novel_52,3,1116,866,200,freeviewing
1,novel_52,4,1104,467,164,freeviewing
1,novel_52,5,891,878,210,freeviewing
1,novel_52,6,580,631,197,freeviewing
1,novel_52,7,106,393,211,freeviewing
1,novel_52,8,562,315,256,freeviewing
1,novel_52,9,333,968,228,freeviewing
1,novel_52,10,780,887,271,freeviewing
1,novel_52,11,931,828,235,freeviewing
1,novel_52,12,1168,866,194,freeviewing
1,novel_52,13,1249,700,273,freeviewing
1,familiar_60,1,699,741,239,freeviewing
1,familiar_60,2,1031,538,159,freeviewing
1,familiar_60,3,1261,999,234,freeviewing
1,familiar_60,4,1204,920,152,freeviewing
1,familiar_60,5,1085,954,260,freeviewing
1,familiar_60,6,619,968,130,freeviewing
1,familiar_60,7,1123,778,198,freeviewing
1,familiar_60,8,1133,753,354,freeviewing
1,familiar_60,9,1000,526,197,freeviewing
1,familiar_60,10,744,408,274,freeviewing
1,familiar_60,11,372,309,217,freeviewing
1,familiar_60,12,323,428,157,freeviewing
1,familiar_60,13,245,262,129,freeviewing
1,familiar_60,14,155,432,151,freeviewing
1,familiar_60,15,210,816,227,freeviewing
1,familiar_60,16,94,1059,250,freeviewing
1,familiar_60,17,515,1078,314,freeviewing
1,familiar_60,18,388,391,241,freeviewing
1,familiar_60,19,312,423,120,freeviewing
1,familiar_60,20,367,312,314,freeviewing
1,familiar_69,1,768,428,351,freeviewing
1,familiar_69,2,581,350,230,freeviewing
1,familiar_69,3,443,384,183,freeviewing
1,familiar_69,4,523,371,268,freeviewing
1,familiar_69,5,534,387,245,freeviewing
1,familiar_69,6,585,332,161,freeviewing
1,familiar_69,7,575,489,230,freeviewing
1,familiar_69,8,953,404,220,freeviewing
1,familiar_69,9,909,434,256,freeviewing
1,familiar_69,10,1093,760,248,freeviewing
1,familiar_69,11,896,765,162,freeviewing
1,familiar_69,12,664,714,211,freeviewing
1,familiar_69,13,162,744,216,freeviewing
1,familiar_69,14,163,782,174,freeviewing
1,familiar_69,15,185,666,234,freeviewing
1,familiar_69,16,137,793,146,freeviewing
1,familiar_69,17,157,783,456,freeviewing
1,familiar_69,18,74,709,258,freeviewing
1,familiar_69,19,34,625,287,freeviewing
1,familiar_15,1,658,516,240,freeviewing
1,familiar_15,2,45,145,226,freeviewing
1,familiar_15,3,795,169,182,freeviewing
1,familiar_15,4,987,85,98,freeviewing
1,familiar_15,5,668,223,178,freeviewing
1,familiar_15,6,637,774,248,freeviewing
1,familiar_15,7,433,543,119,freeviewing
1,familiar_15,8,618,962,228,freeviewing
1,familiar_15,9,162,1061,176,freeviewing
1,familiar_15,10,647,539,219,freeviewing
1,familiar_15,11,1079,959,256,freeviewing
1,familiar_15,12,1124,1039,188,freeviewing
1,familiar_15,13,1368,850,195,freeviewing
1,familiar_15,14,1419,53,140,freeviewing
1,familiar_15,15,1372,846,191,freeviewing
1,familiar_15,16,1010,162,279,freeviewing
1,familiar_15,17,569,239,142,freeviewing
1,familiar_15,18,690,583,215,freeviewing
1,familiar_15,19,654,509,143,freeviewing
1,familiar_38,1,625,583,262,freeviewing
1,familiar_38,2,656,298,215,freeviewing
1,familiar_38,3,665,267,288,freeviewing
1,familiar_38,4,552,190,326,freeviewing
1,familiar_38,5,640,266,269,freeviewing
1,familiar_38,6,839,213,232,freeviewing
1,familiar_38,7,522,293,230,freeviewing
1,familiar_38,8,637,591,214,freeviewing
1,familiar_38,9,589,531,252,freeviewing
1,familiar_38,10,343,522,201,freeviewing
1,familiar_38,11,569,526,296,freeviewing
1,familiar_38,12,320,572,177,freeviewing
1,familiar_38,13,320,641,193,freeviewing
1,familiar_38,14,389,1048,255,freeviewing
1,familiar_38,15,257,1028,222,freeviewing
1,familiar_38,16,52,795,194,freeviewing
1,familiar_38,17,174,333,280,freeviewing
1,familiar_38,18,213,305,166,freeviewing
1,familiar_79,1,433,423,268,freeviewing
1,familiar_79,2,378,395,220,freeviewing
1,familiar_79,3,350,382,338,freeviewing
1,familiar_79,4,384,395,381,freeviewing
1,familiar_79,5,507,399,237,freeviewing
1,familiar_79,6,1023,425,200,freeviewing
1,familiar_79,7,1157,162,126,freeviewing
1,familiar_79,8,1148,165,58,freeviewing
1,familiar_79,9,1104,632,158,freeviewing
1,familiar_79,10,852,58,218,freeviewing
1,familiar_79,11,273,408,271,freeviewing
1,familiar_79,12,193,414,150,freeviewing
1,familiar_79,13,544,812,93,freeviewing
1,familiar_79,14,348,407,189,freeviewing
1,familiar_79,15,353,379,187,freeviewing
1,familiar_79,16,356,430,360,freeviewing
1,familiar_79,17,841,1006,356,freeviewing
1,familiar_79,18,1055,483,180,freeviewing
1,familiar_79,19,471,1010,212,freeviewing
1,familiar_50,1,640,550,300,freeviewing
1,familiar_50,2,828,246,261,freeviewing
1,familiar_50,3,874,305,248,freeviewing
1,familiar_50,4,816,389,217,freeviewing
1,familiar_50,5,183,333,269,freeviewing
1,familiar_50,6,422,321,256,freeviewing
1,familiar_50,7,628,619,315,freeviewing
1,familiar_50,8,636,559,133,freeviewing
1,familiar_50,9,506,828,209,freeviewing
1,familiar_50,10,181,932,185,freeviewing
1,familiar_50,11,320,688,124,freeviewing
1,familiar_50,12,319,838,117,freeviewing
1,familiar_50,13,361,650,241,freeviewing
1,familiar_50,14,306,841,341,freeviewing
1,familiar_50,15,330,958,191,freeviewing
1,familiar_50,16,172,925,173,freeviewing
1,familiar_50,17,506,565,256,freeviewing
1,familiar_50,18,377,654,216,freeviewing
1,familiar_50,19,169,376,197,freeviewing
1,familiar_10,1,533,736,203,freeviewing
1,familiar_10,2,316,760,192,freeviewing
1,familiar_10,3,196,561,173,freeviewing
1,familiar_10,4,42,834,178,freeviewing
1,familiar_10,5,732,187,261,freeviewing
1,familiar_10,6,747,145,149,freeviewing
1,familiar_10,7,806,476,192,freeviewing
1,familiar_10,8,544,773,208,freeviewing
1,familiar_10,9,217,674,242,freeviewing
1,familiar_10,10,503,856,185,freeviewing
1,familiar_10,11,500,923,183,freeviewing
1,familiar_10,12,306,784,226,freeviewing
1,familiar_10,13,1374,957,371,freeviewing
1,familiar_10,14,552,759,277,freeviewing
1,familiar_10,15,805,191,222,freeviewing
1,familiar_10,16,764,143,193,freeviewing
1,familiar_41,1,704,372,287,freeviewing
1,familiar_41,2,557,715,204,freeviewing
1,familiar_41,3,481,676,160,freeviewing
1,familiar_41,4,443,867,161,freeviewing
1,familiar_41,5,159,760,196,freeviewing
1,familiar_41,6,441,351,236,freeviewing
1,familiar_41,7,545,276,281,freeviewing
1,familiar_41,8,626,749,159,freeviewing
1,familiar_41,9,486,351,114,freeviewing
1,familiar_41,10,831,636,173,freeviewing
1,familiar_41,11,918,601,257,freeviewing
1,familiar_41,12,1105,673,121,freeviewing
1,familiar_41,13,1042,358,149,freeviewing
1,familiar_41,14,1296,591,148,freeviewing
1,familiar_41,15,981,278,194,freeviewing
1,familiar_41,16,1359,525,166,freeviewing
1,familiar_41,17,1112,679,242,freeviewing
1,familiar_41,18,717,345,131,freeviewing
1,familiar_41,19,1090,555,239,freeviewing
1,familiar_41,20,1038,566,171,freeviewing
1,familiar_41,21,943,494,123,freeviewing
1,familiar_41,22,913,585,211,freeviewing
1,novel_98,1,646,633,286,freeviewing
1,novel_98,2,485,391,193,freeviewing
1,novel_98,3,702,786,218,freeviewing
1,novel_98,4,621,778,215,freeviewing
1,novel_98,5,457,805,101,freeviewing
1,novel_98,6,510,746,125,freeviewing
1,novel_98,7,429,815,255,freeviewing
1,novel_98,8,87,1043,216,freeviewing
1,novel_98,9,245,891,216,freeviewing
1,novel_98,10,319,900,218,freeviewing
1,novel_98,11,415,906,188,freeviewing
1,novel_98,12,441,812,501,freeviewing
1,novel_98,13,234,840,234,freeviewing
1,novel_98,14,602,647,247,freeviewing
1,novel_98,15,493,374,198,freeviewing
1,novel_98,16,310,378,222,freeviewing
1,novel_98,17,96,379,248,freeviewing
1,novel_98,18,21,514,234,freeviewing
1,familiar_84,1,517,554,132,freeviewing
1,familiar_84,2,565,382,154,freeviewing
1,familiar_84,3,875,563,200,freeviewing
1,familiar_84,4,894,535,115,freeviewing
1,familiar_84,5,897,646,185,freeviewing
1,familiar_84,6,883,542,280,freeviewing
1,familiar_84,7,893,472,160,freeviewing
1,familiar_84,8,1077,312,206,freeviewing
1,familiar_84,9,1248,637,232,freeviewing
1,familiar_84,10,1131,671,241,freeviewing
1,familiar_84,11,1055,625,230,freeviewing
1,familiar_84,12,387,613,196,freeviewing
1,familiar_84,13,354,1056,198,freeviewing
1,familiar_84,14,221,524,184,freeviewing
1,familiar_84,15,181,438,152,freeviewing
1,familiar_84,16,173,628,207,freeviewing
1,familiar_84,17,72,1060,311,freeviewing
1,familiar_84,18,363,1040,245,freeviewing
1,familiar_39,1,615,590,238,freeviewing
1,familiar_39,2,587,663,227,freeviewing
1,familiar_39,3,587,393,256,freeviewing
1,familiar_39,4,778,331,131,freeviewing
1,familiar_39,5,569,311,210,freeviewing
1,familiar_39,6,545,366,236,freeviewing
1,familiar_39,7,432,489,209,freeviewing
1,familiar_39,8,351,313,218,freeviewing
1,familiar_39,9,346,395,323,freeviewing
1,familiar_39,10,273,264,241,freeviewing
1,familiar_39,11,459,950,182,freeviewing
1,familiar_39,12,472,748,249,freeviewing
1,familiar_39,13,437,654,256,freeviewing
1,familiar_39,14,296,371,196,freeviewing
1,familiar_39,15,291,430,204,freeviewing
1,familiar_39,16,20,1072,268,freeviewing
1,familiar_39,17,474,1070,251,freeviewing
1,familiar_39,18,864,1018,102,freeviewing
1,familiar_39,19,681,655,332,freeviewing
1,novel_60,1,685,633,238,freeviewing
1,novel_60,2,638,732,152,freeviewing
1,novel_60,3,497,612,217,freeviewing
1,novel_60,4,626,823,162,freeviewing
1,novel_60,5,488,672,269,freeviewing
1,novel_60,6,307,682,230,freeviewing
1,novel_60,7,86,538,177,freeviewing
1,novel_60,8,820,468,260,freeviewing
1,novel_60,9,998,560,132,freeviewing
1,novel_60,10,855,522,188,freeviewing
1,novel_60,11,992,557,161,freeviewing
1,novel_60,12,1254,509,143,freeviewing
1,novel_60,13,1173,771,298,freeviewing
1,novel_60,14,1212,836,208,freeviewing
1,novel_60,15,1053,1038,244,freeviewing
1,novel_60,16,651,596,237,freeviewing
1,novel_60,17,857,551,244,freeviewing
1,novel_60,18,686,648,116,freeviewing
1,novel_60,19,1003,563,148,freeviewing
1,novel_60,20,694,641,303,freeviewing
1,familiar_61,1,895,456,246,freeviewing
1,familiar_61,2,554,166,189,freeviewing
1,familiar_61,3,886,293,227,freeviewing
1,familiar_61,4,650,101,200,freeviewing
1,familiar_61,5,343,878,165,freeviewing
1,familiar_61,6,227,561,116,freeviewing
1,familiar_61,7,246,911,227,freeviewing
1,familiar_61,8,210,901,116,freeviewing
1,familiar_61,9,215,967,204,freeviewing
1,familiar_61,10,264,584,251,freeviewing
1,familiar_61,11,181,565,150,freeviewing
1,familiar_61,12,162,155,227,freeviewing
1,familiar_61,13,108,492,224,freeviewing
1,familiar_61,14,803,443,200,freeviewing
1,familiar_61,15,1095,972,281,freeviewing
1,familiar_61,16,911,955,180,freeviewing
1,familiar_61,17,1268,303,125,freeviewing
1,familiar_61,18,1005,961,283,freeviewing
1,familiar_61,19,1251,262,245,freeviewing
1,novel_12,1,684,435,274,freeviewing
1,novel_12,2,1195,912,282,freeviewing
1,novel_12,3,1329,669,109,freeviewing
1,novel_12,4,922,760,154,freeviewing
1,novel_12,5,768,685,119,freeviewing
1,novel_12,6,690,953,168,freeviewing
1,novel_12,7,581,690,219,freeviewing
1,novel_12,8,651,597,168,freeviewing
1,novel_12,9,916,287,239,freeviewing
1,novel_12,10,867,225,146,freeviewing
1,novel_12,11,951,193,199,freeviewing
1,novel_12,12,1318,20,190,freeviewing
1,novel_12,13,734,397,187,freeviewing
1,novel_12,14,655,448,273,freeviewing
1,novel_12,15,178,633,241,freeviewing
1,novel_12,16,123,895,239,freeviewing
1,novel_12,17,1145,909,278,freeviewing
1,novel_12,18,1008,792,169,freeviewing
1,novel_12,19,1035,1035,61,freeviewing
1,novel_12,20,707,1001,320,freeviewing
1,novel_96,1,682,584,246,freeviewing
1,novel_96,2,252,617,207,freeviewing
1,novel_96,3,136,697,217,freeviewing
1,novel_96,4,225,596,283,freeviewing
1,novel_96,5,237,368,186,freeviewing
1,novel_96,6,629,118,297,freeviewing
1,novel_96,7,477,75,156,freeviewing
1,novel_96,8,138,130,175,freeviewing
1,novel_96,9,811,482,204,freeviewing
1,novel_96,10,871,514,209,freeviewing
1,novel_96,11,863,535,234,freeviewing
1,novel_96,12,690,576,138,freeviewing
1,novel_96,13,944,710,254,freeviewing
1,novel_96,14,1095,775,177,freeviewing
1,novel_96,15,1317,784,156,freeviewing
1,novel_96,16,1043,1009,239,freeviewing
1,novel_96,17,1300,1055,148,freeviewing
1,familiar_32,1,707,386,333,freeviewing
1,familiar_32,2,1044,347,121,freeviewing
1,familiar_32,3,672,335,206,freeviewing
1,familiar_32,4,735,835,182,freeviewing
1,familiar_32,5,705,917,113,freeviewing
1,familiar_32,6,803,944,291,freeviewing
1,familiar_32,7,814,907,105,freeviewing
1,familiar_32,8,806,959,688,freeviewing
1,familiar_32,9,679,921,158,freeviewing
1,familiar_32,10,694,926,186,freeviewing
1,familiar_32,11,601,954,267,freeviewing
1,familiar_32,12,801,895,283,freeviewing
1,familiar_32,13,829,901,539,freeviewing
1,familiar_32,14,709,874,128,freeviewing
1,familiar_32,15,973,891,264,freeviewing
1,familiar_32,16,1079,841,195,freeviewing
1,familiar_32,17,955,896,397,freeviewing
1,familiar_20,1,992,617,124,freeviewing
1,familiar_20,2,511,646,183,freeviewing
1,familiar_20,3,373,644,229,freeviewing
1,familiar_20,4,285,514,216,freeviewing
1,familiar_20,5,735,790,177,freeviewing
1,familiar_20,6,769,1039,121,freeviewing
1,familiar_20,7,1071,728,142,freeviewing
1,familiar_20,8,1167,713,300,freeviewing
1,familiar_20,9,809,1025,233,freeviewing
1,familiar_20,10,844,1055,99,freeviewing
1,familiar_20,11,718,896,213,freeviewing
1,familiar_20,12,465,557,282,freeviewing
1,familiar_20,13,399,365,223,freeviewing
1,familiar_20,14,216,729,109,freeviewing
1,familiar_20,15,300,397,238,freeviewing
1,familiar_20,16,271,475,182,freeviewing
1,familiar_20,17,833,302,264,freeviewing
1,familiar_20,18,824,375,180,freeviewing
1,familiar_20,19,800,546,227,freeviewing
1,familiar_20,20,991,641,163,freeviewing
1,familiar_20,21,959,738,135,freeviewing
1,familiar_87,1,489,419,215,freeviewing
1,familiar_87,2,508,454,162,freeviewing
1,familiar_87,3,493,286,263,freeviewing
1,familiar_87,4,307,283,173,freeviewing
1,familiar_87,5,180,259,189,freeviewing
1,familiar_87,6,191,191,254,freeviewing
1,familiar_87,7,136,98,172,freeviewing
1,familiar_87,8,464,67,197,freeviewing
1,familiar_87,9,538,187,155,freeviewing
1,familiar_87,10,445,244,235,freeviewing
1,familiar_87,11,485,332,107,freeviewing
1,familiar_87,12,484,304,233,freeviewing
1,familiar_87,13,398,445,194,freeviewing
1,familiar_87,14,502,543,196,freeviewing
1,familiar_87,15,387,925,224,freeviewing
1,familiar_87,16,409,848,167,freeviewing
1,familiar_87,17,650,889,251,freeviewing
1,familiar_87,18,568,1027,239,freeviewing
1,familiar_87,19,204,979,225,freeviewing
1,novel_18,1,706,481,271,freeviewing
1,novel_18,2,277,403,214,freeviewing
1,novel_18,3,370,830,174,freeviewing
1,novel_18,4,231,1051,138,freeviewing
1,novel_18,5,549,1036,200,freeviewing
1,novel_18,6,1113,945,177,freeviewing
1,novel_18,7,581,268,300,freeviewing
1,novel_18,8,1276,23,141,freeviewing
1,novel_18,9,1248,922,173,freeviewing
1,novel_18,10,1372,1008,208,freeviewing
1,novel_18,11,264,936,235,freeviewing
1,novel_18,12,133,1009,282,freeviewing
1,familiar_33,1,707,655,23,freeviewing
1,familiar_33,2,668,706,178,freeviewing
1,familiar_33,3,697,698,355,freeviewing
1,familiar_33,4,767,741,179,freeviewing
1,familiar_33,5,686,692,206,freeviewing
1,familiar_33,6,901,752,305,freeviewing
1,familiar_33,7,881,610,150,freeviewing
1,familiar_33,8,770,740,118,freeviewing
1,familiar_33,9,1025,560,246,freeviewing
1,familiar_33,10,1319,857,117,freeviewing
1,familiar_33,11,1011,635,313,freeviewing
1,familiar_33,12,1117,468,251,freeviewing
1,familiar_33,13,527,561,199,freeviewing
1,familiar_33,14,288,561,233,freeviewing
1,familiar_33,15,166,384,206,freeviewing
1,familiar_33,16,91,555,230,freeviewing
1,familiar_33,17,96,708,227,freeviewing
1,familiar_33,18,127,1001,247,freeviewing
1,familiar_33,19,246,489,282,freeviewing
1,familiar_33,20,297,554,240,freeviewing
1,novel_16,1,684,602,243,freeviewing
1,novel_16,2,189,594,214,freeviewing
1,novel_16,3,1203,751,244,freeviewing
1,novel_16,4,1201,790,219,freeviewing
1,novel_16,5,1104,558,258,freeviewing
1,novel_16,6,1088,373,166,freeviewing
1,novel_16,7,785,364,130,freeviewing
1,novel_16,8,1058,420,191,freeviewing
1,novel_16,9,691,382,199,freeviewing
1,novel_16,10,705,542,234,freeviewing
1,novel_16,11,671,916,153,freeviewing
1,novel_16,12,614,1072,252,freeviewing
1,novel_16,13,631,668,147,freeviewing
1,novel_16,14,695,715,255,freeviewing
1,novel_25,1,663,532,38,freeviewing
1,novel_25,2,661,500,250,freeviewing
1,novel_25,3,618,446,206,freeviewing
1,novel_25,4,465,395,180,freeviewing
1,novel_25,5,404,541,125,freeviewing
1,novel_25,6,458,389,205,freeviewing
1,novel_25,7,603,799,228,freeviewing
1,novel_25,8,1065,953,161,freeviewing
1,novel_25,9,1069,664,252,freeviewing
1,novel_25,10,1056,707,38,freeviewing
1,novel_25,11,1263,627,225,freeviewing
1,novel_25,12,1112,724,240,freeviewing
1,novel_25,13,1283,628,259,freeviewing
1,novel_25,14,1278,423,207,freeviewing
1,novel_25,15,1357,689,264,freeviewing
1,novel_25,16,1374,931,239,freeviewing
1,novel_25,17,618,509,238,freeviewing
1,novel_25,18,630,438,181,freeviewing
1,novel_25,19,684,533,235,freeviewing
1,novel_25,20,682,559,283,freeviewing
1,novel_25,21,1022,601,149,freeviewing
1,familiar_52,1,428,459,382,freeviewing
1,familiar_52,2,384,462,225,freeviewing
1,familiar_52,3,493,242,185,freeviewing
1,familiar_52,4,858,244,352,freeviewing
1,familiar_52,5,776,261,181,freeviewing
1,familiar_52,6,915,522,348,freeviewing
1,familiar_52,7,888,509,160,freeviewing
1,familiar_52,8,865,510,900,freeviewing
1,familiar_52,9,915,499,214,freeviewing
1,familiar_52,10,690,529,289,freeviewing
1,familiar_52,11,741,398,150,freeviewing
1,familiar_52,12,660,666,259,freeviewing
1,familiar_52,13,992,532,234,freeviewing
1,familiar_52,14,1035,440,267,freeviewing
1,familiar_52,15,1034,354,28,freeviewing
1,familiar_52,16,990,312,80,freeviewing
1,familiar_52,17,1166,414,247,freeviewing
1,familiar_56,1,652,665,281,freeviewing
1,familiar_56,2,466,314,168,freeviewing
1,familiar_56,3,509,621,238,freeviewing
1,familiar_56,4,243,734,226,freeviewing
1,familiar_56,5,214,361,179,freeviewing
1,familiar_56,6,699,699,205,freeviewing
1,familiar_56,7,656,697,228,freeviewing
1,familiar_56,8,630,667,148,freeviewing
1,familiar_56,9,552,757,245,freeviewing
1,familiar_56,10,810,683,236,freeviewing
1,familiar_56,11,527,595,264,freeviewing
1,familiar_56,12,811,577,189,freeviewing
1,familiar_56,13,1261,789,180,freeviewing
1,familiar_56,14,1387,557,169,freeviewing
1,familiar_56,15,1317,840,202,freeviewing
1,familiar_56,16,1299,880,173,freeviewing
1,familiar_56,17,1400,809,141,freeviewing
1,familiar_56,18,1309,1000,200,freeviewing
1,novel_83,1,968,436,201,freeviewing
1,novel_83,2,910,546,265,freeviewing
1,novel_83,3,793,449,236,freeviewing
1,novel_83,4,1356,605,200,freeviewing
1,novel_83,5,1186,803,201,freeviewing
1,novel_83,6,1392,70,226,freeviewing
1,novel_83,7,465,212,149,freeviewing
1,novel_83,8,493,227,46,freeviewing
1,novel_83,9,479,429,218,freeviewing
1,novel_83,10,204,157,149,freeviewing
1,novel_83,11,296,484,186,freeviewing
1,novel_83,12,83,955,213,freeviewing
1,novel_83,13,326,1059,185,freeviewing
1,novel_83,14,1194,845,365,freeviewing
1,novel_83,15,1232,954,222,freeviewing
1,novel_83,16,1263,1009,262,freeviewing
1,novel_5,1,833,843,332,freeviewing
1,novel_5,2,574,908,167,freeviewing
1,novel_5,3,370,473,176,freeviewing
1,novel_5,4,149,957,176,freeviewing
1,novel_5,5,131,736,168,freeviewing
1,novel_5,6,295,896,91,freeviewing
1,novel_5,7,121,638,150,freeviewing
1,novel_5,8,135,568,194,freeviewing
1,novel_5,9,124,762,225,freeviewing
1,novel_5,10,114,734,277,freeviewing
1,novel_5,11,133,593,274,freeviewing
1,novel_5,12,138,628,223,freeviewing
1,novel_5,13,112,771,309,freeviewing
1,novel_5,14,702,893,211,freeviewing
1,novel_5,15,816,845,202,freeviewing
1,novel_5,16,994,499,233,freeviewing
1,novel_5,17,464,190,248,freeviewing
1,novel_5,18,825,460,250,freeviewing
1,novel_5,19,148,560,431,freeviewing
1,novel_32,1,759,645,258,freeviewing
1,novel_32,2,556,518,152,freeviewing
1,novel_32,3,914,1045,190,freeviewing
1,novel_32,4,1017,765,207,freeviewing
1,novel_32,5,1029,1016,186,freeviewing
1,novel_32,6,1041,1028,189,freeviewing
1,novel_32,7,1339,941,222,freeviewing
1,novel_32,8,1240,577,228,freeviewing
1,novel_32,9,1113,624,233,freeviewing
1,novel_32,10,1112,548,292,freeviewing
1,novel_32,11,747,632,231,freeviewing
1,novel_32,12,464,539,225,freeviewing
1,novel_32,13,439,261,247,freeviewing
1,novel_32,14,354,403,194,freeviewing
1,novel_32,15,154,431,230,freeviewing
1,novel_32,16,237,167,160,freeviewing
1,novel_32,17,230,409,253,freeviewing
1,novel_32,18,57,546,183,freeviewing
1,novel_32,19,165,797,119,freeviewing
1,novel_32,20,115,511,409,freeviewing
1,familiar_71,1,929,177,256,freeviewing
1,familiar_71,2,871,167,68,freeviewing
1,familiar_71,3,590,125,147,freeviewing
1,familiar_71,4,896,179,279,freeviewing
1,familiar_71,5,578,140,208,freeviewing
1,familiar_71,6,532,128,204,freeviewing
1,familiar_71,7,285,233,203,freeviewing
1,familiar_71,8,290,277,297,freeviewing
1,familiar_71,9,262,793,243,freeviewing
1,familiar_71,10,431,470,241,freeviewing
1,familiar_71,11,481,380,239,freeviewing
1,familiar_71,12,583,323,238,freeviewing
1,familiar_71,13,590,190,216,freeviewing
1,familiar_71,14,600,114,167,freeviewing
1,familiar_71,15,529,124,234,freeviewing
1,familiar_71,16,890,436,313,freeviewing
1,familiar_71,17,869,428,162,freeviewing
1,familiar_71,18,887,431,214,freeviewing
1,familiar_71,19,836,456,250,freeviewing
1,familiar_76,1,574,730,328,freeviewing
1,familiar_76,2,558,764,207,freeviewing
1,familiar_76,3,569,685,377,freeviewing
1,familiar_76,4,573,738,230,freeviewing
1,familiar_76,5,595,734,204,freeviewing
1,familiar_76,6,619,1048,221,freeviewing
1,familiar_76,7,614,1028,215,freeviewing
1,familiar_76,8,568,797,240,freeviewing
1,familiar_76,9,425,880,237,freeviewing
1,familiar_76,10,1073,447,254,freeviewing
1,familiar_76,11,591,767,197,freeviewing
1,familiar_76,12,589,732,350,freeviewing
1,familiar_76,13,554,725,302,freeviewing
1,familiar_76,14,538,741,40,freeviewing
1,familiar_76,15,498,748,996,freeviewing
1,familiar_93,1,960,547,248,freeviewing
1,familiar_93,2,206,527,192,freeviewing
1,familiar_93,3,378,1047,249,freeviewing
1,familiar_93,4,955,888,118,freeviewing
1,familiar_93,5,934,927,209,freeviewing
1,familiar_93,6,875,1005,148,freeviewing
1,familiar_93,7,1154,942,143,freeviewing
1,familiar_93,8,1222,794,184,freeviewing
1,familiar_93,9,1149,950,181,freeviewing
1,familiar_93,10,1233,684,183,freeviewing
1,familiar_93,11,1231,500,205,freeviewing
1,familiar_93,12,948,62,231,freeviewing
1,familiar_93,13,1021,141,194,freeviewing
1,familiar_93,14,212,471,197,freeviewing
1,familiar_93,15,220,567,176,freeviewing
1,familiar_93,16,378,1075,260,freeviewing
1,novel_36,1,327,888,254,freeviewing
1,novel_36,2,571,1030,251,freeviewing
1,novel_36,3,447,1057,196,freeviewing
1,novel_36,4,612,605,201,freeviewing
1,novel_36,5,468,590,265,freeviewing
1,novel_36,6,965,995,249,freeviewing
1,novel_36,7,1374,927,158,freeviewing
1,novel_36,8,1012,1025,261,freeviewing
1,novel_36,9,1350,958,215,freeviewing
1,novel_36,10,1340,672,210,freeviewing
1,novel_36,11,1287,419,304,freeviewing
1,novel_36,12,914,736,264,freeviewing
1,familiar_24,1,560,726,279,freeviewing
1,familiar_24,2,408,630,254,freeviewing
1,familiar_24,3,323,727,251,freeviewing
1,familiar_24,4,162,523,167,freeviewing
1,familiar_24,5,248,825,212,freeviewing
1,familiar_24,6,231,813,152,freeviewing
1,familiar_24,7,266,900,159,freeviewing
1,familiar_24,8,58,988,238,freeviewing
1,familiar_24,9,98,402,199,freeviewing
1,familiar_24,10,233,189,270,freeviewing
1,familiar_24,11,465,108,466,freeviewing
1,familiar_24,12,531,152,222,freeviewing
1,familiar_24,13,804,475,293,freeviewing
1,familiar_24,14,681,472,234,freeviewing
1,familiar_24,15,656,468,138,freeviewing
1,familiar_24,16,655,557,296,freeviewing
1,familiar_24,17,671,479,310,freeviewing
1,familiar_24,18,828,470,272,freeviewing
1,familiar_81,1,1041,539,370,freeviewing
1,familiar_81,2,1408,430,179,freeviewing
1,familiar_81,3,282,471,140,freeviewing
1,familiar_81,4,230,490,166,freeviewing
1,familiar_81,5,312,657,181,freeviewing
1,familiar_81,6,306,1068,244,freeviewing
1,familiar_81,7,1014,589,265,freeviewing
1,familiar_81,8,713,735,212,freeviewing
1,familiar_81,9,508,886,236,freeviewing
1,familiar_81,10,262,993,139,freeviewing
1,familiar_81,11,502,853,239,freeviewing
1,familiar_81,12,557,1077,174,freeviewing
1,novel_91,1,1154,170,116,freeviewing
1,novel_91,2,1148,181,102,freeviewing
1,novel_91,3,1140,765,205,freeviewing
1,novel_91,4,1179,688,176,freeviewing
1,novel_91,5,1255,533,272,freeviewing
1,novel_91,6,1211,514,264,freeviewing
1,novel_91,7,1338,543,230,freeviewing
1,novel_91,8,1389,476,208,freeviewing
1,novel_91,9,1118,337,263,freeviewing
1,novel_91,10,1107,362,241,freeviewing
1,novel_91,11,968,464,182,freeviewing
1,novel_91,12,743,503,257,freeviewing
1,novel_91,13,682,625,249,freeviewing
1,novel_91,14,585,653,133,freeviewing
1,novel_91,15,604,556,162,freeviewing
1,novel_91,16,542,638,242,freeviewing
1,novel_91,17,574,738,273,freeviewing
1,novel_91,18,193,543,162,freeviewing
1,novel_91,19,123,793,329,freeviewing
1,familiar_30,1,688,506,239,freeviewing
1,familiar_30,2,503,642,293,freeviewing
1,familiar_30,3,848,937,227,freeviewing
1,familiar_30,4,625,830,257,freeviewing
1,familiar_30,5,629,860,99,freeviewing
1,familiar_30,6,627,646,194,freeviewing
1,familiar_30,7,612,831,325,freeviewing
1,familiar_30,8,589,866,27,freeviewing
1,familiar_30,9,594,1003,266,freeviewing
1,familiar_30,10,645,613,263,freeviewing
1,familiar_30,11,880,443,175,freeviewing
1,familiar_30,12,497,426,252,freeviewing
1,familiar_30,13,473,469,171,freeviewing
1,familiar_30,14,596,444,252,freeviewing
1,familiar_30,15,317,467,241,freeviewing
1,familiar_30,16,889,249,247,freeviewing
1,familiar_30,17,866,319,186,freeviewing
1,familiar_30,18,910,519,94,freeviewing
1,familiar_30,19,779,370,205,freeviewing
1,familiar_30,20,1095,419,160,freeviewing
1,novel_40,1,685,655,281,freeviewing
1,novel_40,2,893,974,235,freeviewing
1,novel_40,3,1127,902,187,freeviewing
1,novel_40,4,1167,782,192,freeviewing
1,novel_40,5,1108,590,227,freeviewing
1,novel_40,6,1094,614,213,freeviewing
1,novel_40,7,974,633,222,freeviewing
1,novel_40,8,721,671,305,freeviewing
1,novel_40,9,398,891,198,freeviewing
1,novel_40,10,174,804,299,freeviewing
1,novel_40,11,278,418,252,freeviewing
1,novel_40,12,452,406,159,freeviewing
1,novel_40,13,430,397,137,freeviewing
1,novel_40,14,442,463,291,freeviewing
1,novel_40,15,461,556,76,freeviewing
1,novel_40,16,510,384,254,freeviewing
1,novel_40,17,628,66,248,freeviewing
1,novel_40,18,637,33,332,freeviewing
1,novel_40,19,601,36,298,freeviewing
1,familiar_83,1,733,542,246,freeviewing
1,familiar_83,2,1067,823,156,freeviewing
1,familiar_83,3,894,198,207,freeviewing
1,familiar_83,4,1279,769,103,freeviewing
1,familiar_83,5,918,105,231,freeviewing
1,familiar_83,6,888,271,204,freeviewing
1,familiar_83,7,550,242,197,freeviewing
1,familiar_83,8,292,462,204,freeviewing
1,familiar_83,9,53,861,250,freeviewing
1,familiar_83,10,476,785,175,freeviewing
1,familiar_83,11,392,1013,264,freeviewing
1,familiar_83,12,1040,839,285,freeviewing
1,familiar_83,13,1193,1032,284,freeviewing
1,familiar_83,14,1316,774,191,freeviewing
1,familiar_83,15,1380,710,156,freeviewing
1,familiar_83,16,1070,929,211,freeviewing
1,familiar_83,17,1218,1070,283,freeviewing
1,familiar_14,1,943,678,324,freeviewing
1,familiar_14,2,1280,926,206,freeviewing
1,familiar_14,3,1362,689,201,freeviewing
1,familiar_14,4,1275,642,207,freeviewing
1,familiar_14,5,466,720,285,freeviewing
1,familiar_14,6,315,493,193,freeviewing
1,familiar_14,7,632,691,268,freeviewing
1,familiar_34,1,1059,313,140,freeviewing
1,familiar_34,2,860,653,304,freeviewing
1,familiar_34,3,1078,281,297,freeviewing
1,familiar_34,4,1061,327,310,freeviewing
1,familiar_34,5,1072,304,313,freeviewing
1,familiar_34,6,883,461,225,freeviewing
1,familiar_34,7,525,405,226,freeviewing
1,familiar_34,8,409,586,152,freeviewing
1,familiar_34,9,205,424,204,freeviewing
1,familiar_34,10,142,577,201,freeviewing
1,familiar_34,11,279,424,228,freeviewing
1,familiar_34,12,561,379,239,freeviewing
1,familiar_34,13,473,431,261,freeviewing
1,familiar_34,14,219,470,216,freeviewing
1,familiar_34,15,256,883,213,freeviewing
1,familiar_34,16,345,933,187,freeviewing
1,familiar_34,17,345,810,246,freeviewing
1,familiar_34,18,413,576,297,freeviewing
1,familiar_63,1,476,492,226,freeviewing
1,familiar_63,2,173,461,317,freeviewing
1,familiar_63,3,375,711,257,freeviewing
1,familiar_63,4,507,661,164,freeviewing
1,familiar_63,5,358,763,237,freeviewing
1,familiar_63,6,216,829,182,freeviewing
1,familiar_63,7,141,1026,208,freeviewing
1,familiar_63,8,1113,785,230,freeviewing
1,familiar_63,9,1078,724,189,freeviewing
1,familiar_63,10,1038,587,304,freeviewing
1,familiar_63,11,1391,529,227,freeviewing
1,familiar_63,12,1168,913,313,freeviewing
1,familiar_63,13,1120,803,298,freeviewing
1,familiar_63,14,252,293,225,freeviewing
1,familiar_63,15,239,217,184,freeviewing
1,familiar_63,16,484,528,314,freeviewing
1,familiar_63,17,882,467,138,freeviewing
1,novel_56,1,763,842,207,freeviewing
1,novel_56,2,411,471,191,freeviewing
1,novel_56,3,586,860,189,freeviewing
1,novel_56,4,217,722,187,freeviewing
1,novel_56,5,570,827,258,freeviewing
1,novel_56,6,618,772,182,freeviewing
1,novel_56,7,617,663,213,freeviewing
1,novel_56,8,565,836,219,freeviewing
1,novel_56,9,366,936,302,freeviewing
1,novel_56,10,519,882,309,freeviewing
1,novel_56,11,828,553,236,freeviewing
1,novel_56,12,792,555,251,freeviewing
1,novel_56,13,771,851,227,freeviewing
1,familiar_73,1,688,461,142,freeviewing
1,familiar_73,2,800,595,373,freeviewing
1,familiar_73,3,474,595,284,freeviewing
1,familiar_73,4,328,740,149,freeviewing
1,familiar_73,5,287,469,163,freeviewing
1,familiar_73,6,639,212,234,freeviewing
1,familiar_73,7,306,827,170,freeviewing
1,familiar_73,8,222,834,169,freeviewing
1,familiar_73,9,355,728,137,freeviewing
1,familiar_73,10,396,1064,152,freeviewing
1,familiar_73,11,338,685,166,freeviewing
1,familiar_73,12,305,496,139,freeviewing
1,familiar_73,13,336,767,305,freeviewing
1,familiar_73,14,692,914,222,freeviewing
1,familiar_73,15,1003,936,259,freeviewing
1,familiar_73,16,1029,742,117,freeviewing
1,familiar_73,17,916,1004,249,freeviewing
1,familiar_73,18,1326,997,147,freeviewing
1,familiar_73,19,932,1036,409,freeviewing
1,novel_69,1,625,511,236,freeviewing
1,novel_69,2,532,489,254,freeviewing
1,novel_69,3,370,701,252,freeviewing
1,novel_69,4,248,1019,237,freeviewing
1,novel_69,5,122,1001,233,freeviewing
1,novel_69,6,181,736,131,freeviewing
1,novel_69,7,911,1018,220,freeviewing
1,novel_69,8,910,1016,223,freeviewing
1,novel_54,1,865,602,103,freeviewing
1,novel_54,2,581,537,155,freeviewing
1,novel_54,3,846,628,258,freeviewing
1,novel_54,4,733,722,253,freeviewing
1,novel_54,5,828,714,188,freeviewing
1,novel_54,6,354,676,176,freeviewing
1,novel_54,7,153,317,205,freeviewing
1,novel_54,8,262,913,235,freeviewing
1,novel_54,9,172,1074,237,freeviewing
1,novel_54,10,664,606,272,freeviewing
1,novel_54,11,1060,665,242,freeviewing
1,novel_54,12,1100,952,250,freeviewing
1,novel_54,13,1070,1046,219,freeviewing
1,novel_84,1,211,611,216,freeviewing
1,novel_84,2,1123,749,303,freeviewing
1,novel_84,3,1351,699,319,freeviewing
1,novel_84,4,1358,1020,435,freeviewing
1,novel_84,5,844,759,241,freeviewing
1,novel_84,6,1275,1029,121,freeviewing
1,novel_84,7,535,616,228,freeviewing
1,novel_84,8,586,717,341,freeviewing
1,novel_84,9,222,1067,313,freeviewing
1,novel_84,10,92,1075,50,freeviewing
1,novel_84,11,117,907,293,freeviewing
1,novel_50,1,750,540,341,freeviewing
1,novel_50,2,944,432,198,freeviewing
1,novel_50,3,652,202,278,freeviewing
1,novel_50,4,444,396,243,freeviewing
1,novel_50,5,267,454,246,freeviewing
1,novel_50,6,406,674,229,freeviewing
1,novel_50,7,831,494,261,freeviewing
1,novel_50,8,933,302,243,freeviewing
1,novel_50,9,1073,75,228,freeviewing
1,novel_50,10,1243,452,250,freeviewing
1,novel_50,11,1055,811,192,freeviewing
1,novel_50,12,675,809,171,freeviewing
1,novel_50,13,1315,973,263,freeviewing
1,novel_50,14,1381,866,162,freeviewing
1,novel_50,15,1185,939,210,freeviewing
1,novel_50,16,710,323,332,freeviewing
1,novel_50,17,627,235,276,freeviewing
1,novel_24,1,752,733,301,freeviewing
1,novel_24,2,742,759,271,freeviewing
1,novel_24,3,551,970,287,freeviewing
1,novel_24,4,366,963,293,freeviewing
1,novel_24,5,112,915,115,freeviewing
1,novel_24,6,507,719,215,freeviewing
1,novel_24,7,183,709,144,freeviewing
1,novel_24,8,412,738,590,freeviewing
1,novel_24,9,889,613,293,freeviewing
1,novel_24,10,933,441,250,freeviewing
1,novel_24,11,723,742,201,freeviewing
1,novel_24,12,900,378,225,freeviewing
1,novel_24,13,835,253,55,freeviewing
1,novel_24,14,819,212,235,freeviewing
1,novel_24,15,705,71,237,freeviewing
1,novel_24,16,419,79,510,freeviewing
1,novel_24,17,221,228,195,freeviewing
1,novel_31,1,559,613,201,freeviewing
1,novel_31,2,221,779,205,freeviewing
1,novel_31,3,427,1028,179,freeviewing
1,novel_31,4,111,1049,211,freeviewing
1,novel_31,5,635,933,230,freeviewing
1,novel_31,6,1221,610,284,freeviewing
1,novel_31,7,1017,611,262,freeviewing
1,novel_31,8,547,364,243,freeviewing
1,novel_31,9,412,339,186,freeviewing
1,novel_31,10,422,615,244,freeviewing
1,novel_31,11,221,535,219,freeviewing
1,novel_31,12,156,188,268,freeviewing
1,novel_31,13,736,811,151,freeviewing
1,novel_31,14,42,577,132,freeviewing
1,novel_31,15,875,686,242,freeviewing
1,novel_31,16,811,596,307,freeviewing
1,novel_100,1,1182,281,121,freeviewing
1,novel_100,2,911,613,199,freeviewing
1,novel_100,3,930,610,31,freeviewing
1,novel_100,4,791,686,259,freeviewing
1,novel_100,5,362,721,193,freeviewing
1,novel_100,6,606,953,125,freeviewing
1,novel_100,7,394,751,204,freeviewing
1,novel_100,8,450,976,198,freeviewing
1,novel_100,9,354,1010,192,freeviewing
1,novel_100,10,143,1022,206,freeviewing
1,novel_100,11,285,740,146,freeviewing
1,novel_100,12,189,865,172,freeviewing
1,novel_100,13,122,911,215,freeviewing
1,novel_100,14,251,731,225,freeviewing
1,novel_100,15,64,359,261,freeviewing
1,novel_100,16,31,413,179,freeviewing
1,novel_100,17,377,321,381,freeviewing
1,novel_100,18,317,353,264,freeviewing
1,novel_2,1,740,753,197,freeviewing
1,novel_2,2,464,574,147,freeviewing
1,novel_2,3,279,149,231,freeviewing
1,novel_2,4,567,229,178,freeviewing
1,novel_2,5,295,151,164,freeviewing
1,novel_2,6,560,227,311,freeviewing
1,novel_2,7,444,585,296,freeviewing
1,novel_2,8,347,526,184,freeviewing
1,novel_2,9,72,948,258,freeviewing
1,novel_2,10,67,1075,140,freeviewing
1,novel_2,11,124,572,253,freeviewing
1,novel_2,12,170,667,227,freeviewing
1,novel_2,13,828,832,280,freeviewing
1,novel_2,14,570,252,234,freeviewing
1,novel_2,15,317,127,193,freeviewing
1,novel_2,16,553,429,308,freeviewing
1,novel_2,17,813,479,244,freeviewing
1,novel_2,18,1192,470,325,freeviewing
1,familiar_3,1,527,274,238,freeviewing
1,familiar_3,2,389,386,111,freeviewing
1,familiar_3,3,627,346,205,freeviewing
1,familiar_3,4,815,139,132,freeviewing
1,familiar_3,5,710,530,228,freeviewing
1,familiar_3,6,100,473,192,freeviewing
1,familiar_3,7,368,809,308,freeviewing
1,familiar_3,8,1059,1009,230,freeviewing
1,familiar_3,9,670,285,238,freeviewing
1,familiar_3,10,1236,805,173,freeviewing
1,familiar_3,11,350,218,131,freeviewing
1,familiar_3,12,1203,792,247,freeviewing
1,familiar_3,13,1394,952,308,freeviewing
1,familiar_3,14,1387,988,234,freeviewing
1,familiar_3,15,1002,326,217,freeviewing
1,familiar_100,1,1313,572,318,freeviewing
1,familiar_100,2,1343,542,333,freeviewing
1,familiar_100,3,1072,653,263,freeviewing
1,familiar_100,4,1114,695,251,freeviewing
1,familiar_100,5,820,923,256,freeviewing
1,familiar_100,6,378,683,274,freeviewing
1,familiar_100,7,195,744,259,freeviewing
1,familiar_100,8,25,1049,210,freeviewing
1,familiar_100,9,424,1039,203,freeviewing
1,familiar_100,10,427,1000,321,freeviewing
1,familiar_100,11,462,860,303,freeviewing
1,familiar_100,12,381,715,222,freeviewing
1,familiar_100,13,722,864,270,freeviewing
1,familiar_100,14,790,1046,267,freeviewing
1,familiar_100,15,1329,590,137,freeviewing
1,familiar_100,16,891,1008,213,freeviewing
1,novel_21,1,588,620,276,freeviewing
1,novel_21,2,447,474,261,freeviewing
1,novel_21,3,462,369,152,freeviewing
1,novel_21,4,172,773,418,freeviewing
1,novel_21,5,186,654,139,freeviewing
1,novel_21,6,234,789,260,freeviewing
1,novel_21,7,449,953,224,freeviewing
1,novel_21,8,706,977,225,freeviewing
1,novel_21,9,792,910,194,freeviewing
1,novel_21,10,966,838,236,freeviewing
1,novel_21,11,971,725,204,freeviewing
1,novel_21,12,1208,618,136,freeviewing
1,novel_21,13,952,669,290,freeviewing
1,novel_21,14,1285,662,220,freeviewing
1,novel_21,15,1379,686,172,freeviewing
1,novel_21,16,1207,629,166,freeviewing
1,novel_21,17,1351,621,263,freeviewing
1,novel_21,18,1330,448,157,freeviewing
1,novel_21,19,1338,586,224,freeviewing
1,familiar_18,1,744,574,277,freeviewing
1,familiar_18,2,628,361,319,freeviewing
1,familiar_18,3,538,496,227,freeviewing
1,familiar_18,4,512,780,200,freeviewing
1,familiar_18,5,121,163,235,freeviewing
1,familiar_18,6,35,539,161,freeviewing
1,familiar_18,7,65,599,301,freeviewing
1,familiar_18,8,252,736,181,freeviewing
1,familiar_18,9,167,560,212,freeviewing
1,familiar_18,10,405,377,261,freeviewing
1,familiar_18,11,615,379,293,freeviewing
1,familiar_18,12,473,364,204,freeviewing
1,familiar_18,13,568,378,255,freeviewing
1,familiar_18,14,624,348,288,freeviewing
1,familiar_18,15,777,338,285,freeviewing
1,familiar_18,16,1253,636,220,freeviewing
1,familiar_18,17,1272,583,146,freeviewing
1,familiar_18,18,1260,635,241,freeviewing
1,familiar_40,1,556,545,470,freeviewing
1,familiar_40,2,947,589,312,freeviewing
1,familiar_40,3,1038,500,326,freeviewing
1,familiar_40,4,1215,679,220,freeviewing
1,familiar_40,5,1186,800,265,freeviewing
1,familiar_40,6,1237,652,238,freeviewing
1,familiar_40,7,1227,495,185,freeviewing
1,familiar_40,8,1271,523,472,freeviewing
1,familiar_40,9,1039,501,518,freeviewing
1,familiar_40,10,1071,500,230,freeviewing
1,familiar_40,11,1152,427,353,freeviewing
1,familiar_40,12,1406,615,184,freeviewing
1,familiar_40,13,1229,326,144,freeviewing
1,familiar_40,14,1387,595,217,freeviewing
1,familiar_40,15,1396,672,233,freeviewing
1,novel_80,1,732,523,358,freeviewing
1,novel_80,2,606,841,223,freeviewing
1,novel_80,3,98,276,233,freeviewing
1,novel_80,4,61,436,214,freeviewing
1,novel_80,5,511,150,209,freeviewing
1,novel_80,6,465,141,193,freeviewing
1,novel_80,7,493,162,214,freeviewing
1,novel_80,8,871,344,255,freeviewing
1,novel_80,9,835,364,204,freeviewing
1,novel_80,10,643,360,281,freeviewing
1,novel_80,11,878,614,318,freeviewing
1,novel_80,12,473,594,230,freeviewing
1,novel_80,13,655,843,251,freeviewing
1,novel_80,14,728,700,214,freeviewing
1,novel_80,15,966,880,190,freeviewing
1,novel_80,16,972,822,386,freeviewing
1,novel_80,17,1000,843,239,freeviewing
1,novel_61,1,887,793,332,freeviewing
1,novel_61,2,389,867,318,freeviewing
1,novel_61,3,104,991,252,freeviewing
1,novel_61,4,164,1032,229,freeviewing
1,novel_61,5,391,918,213,freeviewing
1,novel_61,6,359,1040,316,freeviewing
1,novel_61,7,404,1064,299,freeviewing
1,novel_61,8,991,883,238,freeviewing
1,novel_61,9,1071,530,204,freeviewing
1,novel_61,10,1060,552,588,freeviewing
1,novel_61,11,664,511,206,freeviewing
1,novel_61,12,1023,404,218,freeviewing
1,novel_9,1,641,764,298,freeviewing
1,novel_9,2,106,741,181,freeviewing
1,novel_9,3,172,578,109,freeviewing
1,novel_9,4,57,720,229,freeviewing
1,novel_9,5,309,1079,335,freeviewing
1,novel_9,6,806,1063,179,freeviewing
1,novel_9,7,748,524,253,freeviewing
1,novel_9,8,1285,682,260,freeviewing
1,novel_9,9,1219,370,140,freeviewing
1,novel_9,10,967,702,252,freeviewing
1,novel_9,11,761,582,235,freeviewing
1,novel_9,12,524,769,143,freeviewing
1,novel_9,13,723,408,210,freeviewing
1,novel_9,14,477,498,215,freeviewing
1,novel_9,15,256,628,196,freeviewing
1,novel_9,16,542,776,155,freeviewing
1,novel_39,1,1133,632,188,freeviewing
1,novel_39,2,998,313,127,freeviewing
1,novel_39,3,1395,309,225,freeviewing
1,novel_39,4,1247,673,197,freeviewing
1,novel_39,5,1289,631,116,freeviewing
1,novel_39,6,1149,717,170,freeviewing
1,novel_39,7,1311,565,158,freeviewing
1,novel_39,8,1270,529,140,freeviewing
1,novel_39,9,1377,570,231,freeviewing
1,novel_39,10,1422,605,295,freeviewing
1,novel_39,11,749,779,181,freeviewing
1,novel_39,12,1250,645,408,freeviewing
1,novel_39,13,1356,747,181,freeviewing
1,novel_39,14,1118,1029,159,freeviewing
1,novel_39,15,669,766,176,freeviewing
1,novel_39,16,696,645,205,freeviewing
1,novel_39,17,702,332,316,freeviewing
1,familiar_19,1,922,505,249,freeviewing
1,familiar_19,2,932,628,229,freeviewing
1,familiar_19,3,967,402,324,freeviewing
1,familiar_19,4,1264,476,319,freeviewing
1,familiar_19,5,1358,908,242,freeviewing
1,familiar_19,6,1257,1009,244,freeviewing
1,familiar_19,7,1037,1008,299,freeviewing
1,familiar_19,8,986,926,275,freeviewing
1,familiar_19,9,994,801,253,freeviewing
1,familiar_19,10,1005,648,267,freeviewing
1,familiar_19,11,1013,584,310,freeviewing
1,familiar_19,12,896,513,289,freeviewing
1,familiar_19,13,912,632,289,freeviewing
1,familiar_19,14,1006,638,242,freeviewing
1,familiar_19,15,1109,376,391,freeviewing
1,familiar_19,16,1212,89,127,freeviewing
1,familiar_47,1,672,711,205,freeviewing
1,familiar_47,2,378,433,230,freeviewing
1,familiar_47,3,645,984,113,freeviewing
1,familiar_47,4,342,414,689,freeviewing
1,familiar_47,5,643,934,227,freeviewing
1,familiar_47,6,629,1005,320,freeviewing
1,familiar_47,7,583,1059,255,freeviewing
1,familiar_47,8,661,749,236,freeviewing
1,familiar_47,9,656,722,251,freeviewing
1,familiar_47,10,810,890,254,freeviewing
1,familiar_47,11,732,913,276,freeviewing
1,familiar_47,12,930,606,166,freeviewing
1,familiar_47,13,775,1059,215,freeviewing
1,familiar_47,14,757,1053,130,freeviewing
1,familiar_47,15,636,991,185,freeviewing
1,novel_58,1,618,710,240,freeviewing
1,novel_58,2,962,686,290,freeviewing
1,novel_58,3,757,874,260,freeviewing
1,novel_58,4,771,919,188,freeviewing
1,novel_58,5,986,981,227,freeviewing
1,novel_58,6,1195,710,368,freeviewing
1,novel_58,7,1247,949,230,freeviewing
1,novel_58,8,1238,554,235,freeviewing
1,novel_58,9,1212,1019,233,freeviewing
1,novel_58,10,982,820,310,freeviewing
1,novel_58,11,961,702,174,freeviewing
1,novel_58,12,972,947,229,freeviewing
1,novel_58,13,778,937,253,freeviewing
1,novel_58,14,415,996,236,freeviewing
1,novel_58,15,448,784,206,freeviewing
1,novel_58,16,231,1042,198,freeviewing
1,novel_58,17,173,733,212,freeviewing
1,familiar_29,1,895,374,218,freeviewing
1,familiar_29,2,884,351,205,freeviewing
1,familiar_29,3,884,409,290,freeviewing
1,familiar_29,4,882,357,225,freeviewing
1,familiar_29,5,625,236,276,freeviewing
1,familiar_29,6,507,404,227,freeviewing
1,familiar_29,7,1298,939,280,freeviewing
1,familiar_29,8,1390,638,288,freeviewing
1,familiar_29,9,1394,660,232,freeviewing
1,familiar_29,10,1383,684,213,freeviewing
1,familiar_29,11,976,929,254,freeviewing
1,familiar_29,12,783,822,241,freeviewing
1,familiar_29,13,622,783,247,freeviewing
1,familiar_29,14,467,762,237,freeviewing
1,familiar_29,15,393,678,250,freeviewing
1,novel_68,1,763,421,250,freeviewing
1,novel_68,2,781,379,154,freeviewing
1,novel_68,3,899,526,227,freeviewing
1,novel_68,4,903,605,124,freeviewing
1,novel_68,5,840,528,180,freeviewing
1,novel_68,6,596,445,206,freeviewing
1,novel_68,7,567,191,234,freeviewing
1,novel_68,8,254,404,151,freeviewing
1,novel_68,9,553,66,177,freeviewing
1,novel_68,10,549,86,160,freeviewing
1,novel_68,11,810,94,312,freeviewing
1,novel_68,12,1429,30,228,freeviewing
1,novel_68,13,1359,111,269,freeviewing
1,novel_68,14,747,390,199,freeviewing
1,novel_68,15,779,451,38,freeviewing
1,novel_68,16,818,482,37,freeviewing
1,novel_68,17,881,510,202,freeviewing
1,novel_68,18,582,451,192,freeviewing
1,novel_68,19,746,597,286,freeviewing
1,novel_68,20,225,955,234,freeviewing
1,novel_68,21,309,561,161,freeviewing
1,novel_68,22,150,930,269,freeviewing
1,familiar_66,1,948,514,525,freeviewing
1,familiar_66,2,995,521,260,freeviewing
1,familiar_66,3,1175,470,200,freeviewing
1,familiar_66,4,917,698,237,freeviewing
1,familiar_66,5,1120,860,278,freeviewing
1,familiar_66,6,1194,899,204,freeviewing
1,familiar_66,7,1215,816,162,freeviewing
1,familiar_66,8,860,944,214,freeviewing
1,familiar_66,9,640,839,221,freeviewing
1,familiar_66,10,150,494,163,freeviewing
1,familiar_66,11,330,523,199,freeviewing
1,familiar_66,12,503,493,312,freeviewing
1,familiar_66,13,577,211,191,freeviewing
1,familiar_66,14,562,366,229,freeviewing
1,familiar_66,15,985,498,207,freeviewing
1,familiar_66,16,998,525,99,freeviewing
1,familiar_66,17,943,509,711,freeviewing
1,novel_78,1,673,663,185,freeviewing
1,novel_78,2,472,588,209,freeviewing
1,novel_78,3,890,277,279,freeviewing
1,novel_78,4,626,160,289,freeviewing
1,novel_78,5,513,196,172,freeviewing
1,novel_78,6,206,375,253,freeviewing
1,novel_78,7,200,822,176,freeviewing
1,novel_78,8,121,558,265,freeviewing
1,novel_78,9,362,687,293,freeviewing
1,novel_78,10,689,655,181,freeviewing
1,novel_78,11,756,801,282,freeviewing
1,novel_78,12,796,627,218,freeviewing
1,novel_78,13,982,698,163,freeviewing
1,novel_78,14,771,561,265,freeviewing
1,novel_78,15,688,559,240,freeviewing
1,novel_78,16,776,1038,101,freeviewing
1,novel_78,17,605,496,240,freeviewing
1,novel_78,18,451,1041,231,freeviewing
1,novel_97,1,615,605,215,freeviewing
1,novel_97,2,599,675,211,freeviewing
1,novel_97,3,787,425,511,freeviewing
1,novel_97,4,1078,450,583,freeviewing
1,novel_97,5,1011,536,190,freeviewing
1,novel_97,6,970,679,234,freeviewing
1,novel_97,7,778,434,421,freeviewing
1,novel_97,8,789,494,176,freeviewing
1,novel_97,9,769,461,181,freeviewing
1,novel_97,10,772,433,318,freeviewing
1,novel_97,11,770,380,173,freeviewing
1,novel_97,12,362,754,269,freeviewing
1,novel_97,13,345,697,202,freeviewing
1,novel_97,14,562,704,261,freeviewing
1,novel_97,15,600,595,233,freeviewing
1,novel_97,16,87,787,453,freeviewing
1,familiar_95,1,939,549,138,freeviewing
1,familiar_95,2,592,593,217,freeviewing
1,familiar_95,3,386,289,163,freeviewing
1,familiar_95,4,868,131,187,freeviewing
1,familiar_95,5,811,261,147,freeviewing
1,familiar_95,6,954,525,246,freeviewing
1,familiar_95,7,1239,834,289,freeviewing
1,familiar_95,8,1305,911,143,freeviewing
1,familiar_95,9,554,787,276,freeviewing
1,familiar_95,10,52,989,326,freeviewing
1,novel_85,1,381,455,260,freeviewing
1,novel_85,2,354,549,272,freeviewing
1,novel_85,3,854,218,285,freeviewing
1,novel_85,4,1194,423,137,freeviewing
1,novel_85,5,838,207,234,freeviewing
1,novel_85,6,846,214,212,freeviewing
1,novel_85,7,356,347,137,freeviewing
1,novel_85,8,320,376,273,freeviewing
1,novel_85,9,668,366,202,freeviewing
1,novel_85,10,875,713,191,freeviewing
1,novel_85,11,710,758,204,freeviewing
1,novel_85,12,1094,584,536,freeviewing
1,novel_85,13,1094,685,431,freeviewing
1,novel_85,14,1096,587,704,freeviewing
1,novel_85,15,1203,493,283,freeviewing
1,familiar_82,1,710,498,199,freeviewing
1,familiar_82,2,731,812,242,freeviewing
1,familiar_82,3,696,775,165,freeviewing
1,familiar_82,4,1267,702,236,freeviewing
1,familiar_82,5,581,881,215,freeviewing
1,familiar_82,6,243,473,175,freeviewing
1,familiar_82,7,1161,1001,223,freeviewing
1,familiar_82,8,1146,993,477,freeviewing
1,familiar_82,9,455,920,271,freeviewing
1,familiar_82,10,532,921,173,freeviewing
1,familiar_82,11,568,990,204,freeviewing
1,familiar_82,12,565,992,492,freeviewing
1,familiar_36,1,642,729,157,freeviewing
1,familiar_36,2,919,450,1229,freeviewing
1,familiar_36,3,1116,331,230,freeviewing
1,familiar_36,4,1175,351,519,freeviewing
1,familiar_36,5,1412,250,120,freeviewing
1,familiar_36,6,1271,547,473,freeviewing
1,familiar_36,7,1242,554,239,freeviewing
1,familiar_36,8,1239,504,595,freeviewing
1,familiar_36,9,1272,504,330,freeviewing
1,familiar_36,10,1291,553,193,freeviewing
1,familiar_36,11,1294,612,394,freeviewing
1,novel_89,1,1131,339,251,freeviewing
1,novel_89,2,1224,470,191,freeviewing
1,novel_89,3,1069,658,215,freeviewing
1,novel_89,4,1088,606,230,freeviewing
1,novel_89,5,1086,954,103,freeviewing
1,novel_89,6,1070,569,424,freeviewing
1,novel_89,7,256,458,277,freeviewing
1,novel_89,8,194,202,257,freeviewing
1,novel_89,9,104,359,243,freeviewing
1,novel_89,10,185,483,140,freeviewing
1,novel_89,11,263,544,239,freeviewing
1,novel_89,12,258,508,195,freeviewing
1,novel_89,13,530,799,188,freeviewing
1,novel_89,14,293,481,156,freeviewing
1,novel_89,15,443,730,185,freeviewing
1,novel_89,16,445,705,202,freeviewing
1,novel_89,17,465,638,27,freeviewing
1,novel_89,18,501,620,234,freeviewing
1,novel_89,19,116,581,276,freeviewing
1,familiar_55,1,1151,832,268,freeviewing
1,familiar_55,2,880,135,134,freeviewing
1,familiar_55,3,1240,891,126,freeviewing
1,familiar_55,4,1311,926,168,freeviewing
1,familiar_55,5,782,845,313,freeviewing
1,familiar_55,6,748,839,202,freeviewing
1,familiar_55,7,890,825,240,freeviewing
1,familiar_55,8,893,651,189,freeviewing
1,familiar_55,9,916,523,201,freeviewing
1,familiar_55,10,861,509,202,freeviewing
1,familiar_55,11,599,632,190,freeviewing
1,familiar_55,12,437,512,251,freeviewing
1,familiar_55,13,584,637,175,freeviewing
1,familiar_55,14,605,1003,245,freeviewing
1,familiar_55,15,145,1006,284,freeviewing
1,familiar_55,16,163,980,267,freeviewing
1,novel_82,1,654,519,237,freeviewing
1,novel_82,2,226,640,207,freeviewing
1,novel_82,3,235,451,153,freeviewing
1,novel_82,4,282,599,149,freeviewing
1,novel_82,5,238,456,284,freeviewing
1,novel_82,6,403,394,345,freeviewing
1,novel_82,7,509,402,258,freeviewing
1,novel_82,8,656,488,211,freeviewing
1,novel_82,9,535,487,678,freeviewing
1,novel_82,10,491,270,261,freeviewing
1,novel_82,11,942,394,121,freeviewing
1,novel_82,12,197,396,215,freeviewing
1,novel_82,13,195,436,190,freeviewing
1,novel_82,14,265,341,180,freeviewing
1,novel_82,15,340,837,208,freeviewing
1,novel_82,16,343,717,211,freeviewing
1,novel_13,1,641,532,233,freeviewing
1,novel_13,2,615,199,255,freeviewing
1,novel_13,3,821,331,195,freeviewing
1,novel_13,4,719,420,152,freeviewing
1,novel_13,5,850,854,206,freeviewing
1,novel_13,6,576,806,369,freeviewing
1,novel_13,7,203,991,244,freeviewing
1,novel_13,8,406,955,114,freeviewing
1,novel_13,9,399,966,182,freeviewing
1,novel_13,10,398,944,204,freeviewing
1,novel_13,11,366,1057,185,freeviewing
1,novel_13,12,490,540,303,freeviewing
1,novel_13,13,651,528,216,freeviewing
1,novel_13,14,387,529,163,freeviewing
1,novel_13,15,588,494,257,freeviewing
1,novel_13,16,702,735,144,freeviewing
1,familiar_35,1,685,508,262,freeviewing
1,familiar_35,2,1021,540,246,freeviewing
1,familiar_35,3,1001,466,256,freeviewing
1,familiar_35,4,257,588,215,freeviewing
1,familiar_35,5,303,654,35,freeviewing
1,familiar_35,6,327,683,192,freeviewing
1,familiar_35,7,505,810,334,freeviewing
1,familiar_35,8,610,716,231,freeviewing
1,familiar_35,9,579,728,206,freeviewing
1,familiar_35,10,501,814,310,freeviewing
1,familiar_35,11,864,504,209,freeviewing
1,familiar_35,12,847,459,145,freeviewing
1,familiar_35,13,849,513,263,freeviewing
1,familiar_35,14,671,575,300,freeviewing
1,familiar_35,15,130,832,241,freeviewing
1,familiar_35,16,181,835,268,freeviewing
1,familiar_35,17,425,884,342,freeviewing
1,familiar_35,18,485,804,371,freeviewing
1,novel_42,1,718,399,309,freeviewing
1,novel_42,2,698,426,187,freeviewing
1,novel_42,3,756,258,243,freeviewing
1,novel_42,4,902,650,173,freeviewing
1,novel_42,5,1168,579,202,freeviewing
1,novel_42,6,946,928,158,freeviewing
1,novel_42,7,957,441,302,freeviewing
1,novel_42,8,1235,439,153,freeviewing
1,novel_42,9,903,221,216,freeviewing
1,novel_42,10,658,385,243,freeviewing
1,novel_42,11,456,664,296,freeviewing
1,novel_42,12,306,705,198,freeviewing
1,novel_42,13,122,516,240,freeviewing
1,novel_42,14,140,181,183,freeviewing
1,novel_42,15,464,345,217,freeviewing
1,novel_42,16,631,380,300,freeviewing
1,novel_42,17,756,241,227,freeviewing
1,novel_42,18,911,668,226,freeviewing
1,novel_42,19,1358,849,250,freeviewing
1,novel_46,1,938,533,273,freeviewing
1,novel_46,2,1093,522,198,freeviewing
1,novel_46,3,1203,426,217,freeviewing
1,novel_46,4,1275,346,199,freeviewing
1,novel_46,5,1152,173,176,freeviewing
1,novel_46,6,1223,483,190,freeviewing
1,novel_46,7,1216,446,154,freeviewing
1,novel_46,8,1157,484,201,freeviewing
1,novel_46,9,694,930,179,freeviewing
1,novel_46,10,713,745,151,freeviewing
1,novel_46,11,724,977,203,freeviewing
1,novel_46,12,560,766,181,freeviewing
1,novel_46,13,309,1049,118,freeviewing
1,novel_46,14,297,1023,237,freeviewing
1,novel_46,15,578,542,260,freeviewing
1,novel_46,16,432,537,205,freeviewing
1,novel_46,17,256,521,289,freeviewing
1,familiar_98,1,1215,568,138,freeviewing
1,familiar_98,2,903,768,155,freeviewing
1,familiar_98,3,613,142,236,freeviewing
1,familiar_98,4,754,826,117,freeviewing
1,familiar_98,5,382,306,143,freeviewing
1,familiar_98,6,810,802,221,freeviewing
1,familiar_98,7,931,751,222,freeviewing
1,familiar_98,8,684,962,198,freeviewing
1,familiar_98,9,677,1016,183,freeviewing
1,familiar_98,10,718,929,169,freeviewing
1,familiar_98,11,858,1024,506,freeviewing
1,familiar_98,12,824,1072,137,freeviewing
1,familiar_98,13,979,830,161,freeviewing
1,familiar_98,14,826,1071,266,freeviewing
1,novel_63,1,695,607,214,freeviewing
1,novel_63,2,550,621,191,freeviewing
1,novel_63,3,1019,691,262,freeviewing
1,novel_63,4,893,909,174,freeviewing
1,novel_63,5,1194,705,224,freeviewing
1,novel_63,6,1262,988,249,freeviewing
1,novel_63,7,897,359,156,freeviewing
1,novel_63,8,1341,762,138,freeviewing
1,novel_63,9,796,236,261,freeviewing
1,novel_63,10,733,333,169,freeviewing
1,novel_63,11,632,393,247,freeviewing
1,novel_63,12,167,696,127,freeviewing
1,novel_63,13,373,304,252,freeviewing
1,novel_63,14,830,598,156,freeviewing
1,novel_63,15,560,567,360,freeviewing
1,novel_63,16,541,482,188,freeviewing
1,novel_63,17,372,1018,276,freeviewing
1,novel_63,18,87,1004,113,freeviewing
1,novel_63,19,618,732,137,freeviewing
1,novel_63,20,0,948,257,freeviewing
1,familiar_91,1,478,741,355,freeviewing
1,familiar_91,2,283,1075,223,freeviewing
1,familiar_91,3,775,643,191,freeviewing
1,familiar_91,4,121,499,227,freeviewing
1,familiar_91,5,395,341,143,freeviewing
1,familiar_91,6,1167,661,104,freeviewing
1,familiar_91,7,709,259,186,freeviewing
1,familiar_91,8,1217,606,183,freeviewing
1,familiar_91,9,1213,628,158,freeviewing
1,familiar_91,10,931,739,287,freeviewing
1,familiar_91,11,758,343,215,freeviewing
1,familiar_91,12,805,396,162,freeviewing
1,familiar_91,13,1219,647,312,freeviewing
1,familiar_2,1,726,784,153,freeviewing
1,familiar_2,2,1128,706,276,freeviewing
1,familiar_2,3,1311,230,48,freeviewing
1,familiar_2,4,1301,232,153,freeviewing
1,familiar_2,5,768,889,256,freeviewing
1,familiar_2,6,102,850,257,freeviewing
1,familiar_2,7,406,316,202,freeviewing
1,familiar_2,8,493,362,83,freeviewing
1,familiar_2,9,356,295,252,freeviewing
1,familiar_2,10,622,287,315,freeviewing
1,familiar_2,11,707,398,21,freeviewing
1,familiar_2,12,818,467,218,freeviewing
1,familiar_2,13,780,203,364,freeviewing
1,familiar_2,14,332,252,178,freeviewing
1,familiar_2,15,408,303,191,freeviewing
1,familiar_2,16,479,364,351,freeviewing
1,familiar_2,17,468,330,194,freeviewing
1,familiar_2,18,364,583,245,freeviewing
1,familiar_2,19,211,569,271,freeviewing
1,familiar_2,20,748,116,253,freeviewing
1,familiar_53,1,477,613,301,freeviewing
1,familiar_53,2,557,474,207,freeviewing
1,familiar_53,3,971,699,411,freeviewing
1,familiar_53,4,1180,347,252,freeviewing
1,familiar_53,5,1248,231,45,freeviewing
1,familiar_53,6,1052,188,172,freeviewing
1,familiar_53,7,1306,105,177,freeviewing
1,familiar_53,8,1303,63,320,freeviewing
1,familiar_53,9,1352,350,216,freeviewing
1,familiar_53,10,1026,187,208,freeviewing
1,familiar_53,11,808,342,202,freeviewing
1,familiar_53,12,603,490,203,freeviewing
1,familiar_53,13,788,442,187,freeviewing
1,familiar_53,14,641,504,180,freeviewing
1,familiar_53,15,612,494,223,freeviewing
1,familiar_53,16,940,687,200,freeviewing
1,familiar_53,17,510,754,202,freeviewing
1,familiar_53,18,187,1054,186,freeviewing
1,familiar_53,19,329,856,167,freeviewing
1,novel_72,1,1061,629,140,freeviewing
1,novel_72,2,951,858,123,freeviewing
1,novel_72,3,1053,618,312,freeviewing
1,novel_72,4,721,1078,231,freeviewing
1,novel_72,5,950,863,251,freeviewing
1,novel_72,6,333,572,269,freeviewing
1,novel_72,7,559,552,139,freeviewing
1,novel_72,8,245,410,138,freeviewing
1,novel_72,9,530,591,125,freeviewing
1,novel_72,10,551,667,224,freeviewing
1,novel_72,11,556,559,185,freeviewing
1,novel_72,12,368,767,214,freeviewing
1,novel_72,13,284,625,171,freeviewing
1,novel_72,14,229,753,178,freeviewing
1,novel_72,15,180,527,201,freeviewing
1,novel_72,16,254,417,225,freeviewing
1,novel_72,17,321,301,209,freeviewing
1,novel_72,18,494,214,202,freeviewing
1,novel_72,19,515,315,221,freeviewing
1,novel_86,1,546,693,85,freeviewing
1,novel_86,2,891,613,167,freeviewing
1,novel_86,3,504,693,308,freeviewing
1,novel_86,4,885,727,206,freeviewing
1,novel_86,5,620,831,258,freeviewing
1,novel_86,6,160,873,216,freeviewing
1,novel_86,7,114,652,138,freeviewing
1,novel_86,8,160,773,269,freeviewing
1,novel_86,9,412,411,155,freeviewing
1,novel_86,10,920,614,230,freeviewing
1,novel_86,11,891,623,229,freeviewing
1,novel_86,12,888,655,233,freeviewing
1,novel_86,13,1010,795,268,freeviewing
1,novel_86,14,544,834,362,freeviewing
1,familiar_9,1,678,695,249,freeviewing
1,familiar_9,2,675,736,182,freeviewing
1,familiar_9,3,418,1010,150,freeviewing
1,familiar_9,4,897,655,224,freeviewing
1,familiar_9,5,1037,226,242,freeviewing
1,familiar_9,6,638,120,214,freeviewing
1,familiar_9,7,397,340,165,freeviewing
1,familiar_9,8,451,139,211,freeviewing
1,familiar_9,9,153,776,211,freeviewing
1,familiar_9,10,503,82,227,freeviewing
1,familiar_9,11,1054,745,200,freeviewing
1,familiar_9,12,767,1021,190,freeviewing
1,familiar_48,1,674,483,321,freeviewing
1,familiar_48,2,887,224,268,freeviewing
1,familiar_48,3,1221,487,205,freeviewing
1,familiar_48,4,1294,821,164,freeviewing
1,familiar_48,5,1416,432,246,freeviewing
1,familiar_48,6,972,971,234,freeviewing
1,familiar_48,7,60,956,275,freeviewing
1,familiar_48,8,717,924,289,freeviewing
1,familiar_48,9,711,971,201,freeviewing
1,familiar_48,10,911,494,263,freeviewing
1,familiar_48,11,661,496,126,freeviewing
1,familiar_48,12,1019,646,167,freeviewing
1,familiar_48,13,885,240,212,freeviewing
1,familiar_48,14,993,573,234,freeviewing
1,familiar_48,15,1309,849,312,freeviewing
1,novel_35,1,618,477,300,freeviewing
1,novel_35,2,922,487,139,freeviewing
1,novel_35,3,443,386,117,freeviewing
1,novel_35,4,940,397,202,freeviewing
1,novel_35,5,973,289,252,freeviewing
1,novel_35,6,1031,313,157,freeviewing
1,novel_35,7,1261,870,326,freeviewing
1,novel_35,8,1147,898,143,freeviewing
1,novel_35,9,1380,894,273,freeviewing
1,novel_35,10,948,527,267,freeviewing
1,novel_35,11,679,611,266,freeviewing
1,novel_35,12,672,579,36,freeviewing
1,novel_35,13,509,683,174,freeviewing
1,novel_35,14,437,387,308,freeviewing
1,novel_35,15,435,455,349,freeviewing
1,novel_35,16,337,1033,259,freeviewing
1,novel_35,17,98,899,124,freeviewing
1,novel_35,18,488,658,154,freeviewing
1,novel_35,19,112,874,192,freeviewing
1,novel_35,20,124,897,249,freeviewing
1,familiar_96,1,680,487,186,freeviewing
1,familiar_96,2,509,550,193,freeviewing
1,familiar_96,3,444,663,331,freeviewing
1,familiar_96,4,328,710,78,freeviewing
1,familiar_96,5,303,827,208,freeviewing
1,familiar_96,6,670,787,312,freeviewing
1,familiar_96,7,1204,687,189,freeviewing
1,familiar_96,8,1259,856,119,freeviewing
1,familiar_96,9,1152,711,241,freeviewing
1,familiar_96,10,925,459,233,freeviewing
1,familiar_96,11,707,537,150,freeviewing
1,familiar_96,12,945,477,144,freeviewing
1,familiar_96,13,636,447,241,freeviewing
1,familiar_96,14,160,295,200,freeviewing
1,familiar_96,15,784,98,187,freeviewing
1,familiar_96,16,1266,553,495,freeviewing
1,familiar_96,17,1248,642,274,freeviewing
1,familiar_96,18,1368,568,129,freeviewing
1,familiar_96,19,1238,665,257,freeviewing
1,familiar_85,1,446,785,209,freeviewing
1,familiar_85,2,126,823,256,freeviewing
1,familiar_85,3,494,981,261,freeviewing
1,familiar_85,4,324,110,214,freeviewing
1,familiar_85,5,1000,716,187,freeviewing
1,familiar_85,6,1152,591,168,freeviewing
1,familiar_85,7,808,519,244,freeviewing
1,familiar_85,8,1248,856,308,freeviewing
1,familiar_85,9,1239,1001,274,freeviewing
1,familiar_85,10,752,974,197,freeviewing
1,familiar_85,11,743,995,104,freeviewing
1,familiar_85,12,1214,986,331,freeviewing
1,familiar_17,1,66,163,248,freeviewing
1,familiar_17,2,85,714,221,freeviewing
1,familiar_17,3,640,396,120,freeviewing
1,familiar_17,4,224,616,330,freeviewing
1,familiar_17,5,715,588,293,freeviewing
1,familiar_17,6,1005,300,213,freeviewing
1,familiar_17,7,1041,245,200,freeviewing
1,familiar_17,8,1173,853,203,freeviewing
1,familiar_17,9,85,937,236,freeviewing
1,novel_73,1,524,392,392,freeviewing
1,novel_73,2,431,312,112,freeviewing
1,novel_73,3,690,167,338,freeviewing
1,novel_73,4,579,172,288,freeviewing
1,novel_73,5,375,853,278,freeviewing
1,novel_73,6,770,1025,93,freeviewing
1,novel_73,7,71,700,199,freeviewing
1,novel_73,8,122,652,173,freeviewing
1,novel_73,9,143,620,220,freeviewing
1,novel_73,10,143,762,160,freeviewing
1,novel_73,11,204,588,314,freeviewing
1,novel_73,12,280,750,262,freeviewing
1,novel_73,13,205,825,196,freeviewing
1,novel_73,14,519,688,173,freeviewing
1,novel_73,15,359,1004,329,freeviewing
1,novel_73,16,283,1048,146,freeviewing
1,novel_73,17,297,987,292,freeviewing
1,familiar_94,1,721,553,159,freeviewing
1,familiar_94,2,352,487,258,freeviewing
1,familiar_94,3,379,874,194,freeviewing
1,familiar_94,4,143,978,219,freeviewing
1,familiar_94,5,62,871,174,freeviewing
1,familiar_94,6,175,1065,240,freeviewing
1,familiar_94,7,531,1064,223,freeviewing
1,familiar_94,8,1091,875,164,freeviewing
1,familiar_94,9,1090,881,353,freeviewing
1,familiar_94,10,1124,780,127,freeviewing
1,familiar_94,11,1309,947,196,freeviewing
1,familiar_94,12,1330,999,284,freeviewing
1,familiar_94,13,1203,283,212,freeviewing
1,familiar_94,14,802,415,173,freeviewing
1,familiar_94,15,366,495,273,freeviewing
1,novel_20,1,474,522,320,freeviewing
1,novel_20,2,142,589,563,freeviewing
1,novel_20,3,469,518,186,freeviewing
1,novel_20,4,265,646,152,freeviewing
1,novel_20,5,448,514,412,freeviewing
1,novel_20,6,465,582,22,freeviewing
1,novel_20,7,524,570,571,freeviewing
1,novel_20,8,946,628,173,freeviewing
1,novel_20,9,492,597,390,freeviewing
1,novel_20,10,371,624,201,freeviewing
1,novel_20,11,644,716,223,freeviewing
1,novel_20,12,570,910,176,freeviewing
1,novel_20,13,868,607,126,freeviewing
1,novel_20,14,956,993,254,freeviewing
1,novel_20,15,1303,1006,286,freeviewing
1,novel_20,16,1347,719,222,freeviewing
1,novel_41,1,987,639,363,freeviewing
1,novel_41,2,799,306,284,freeviewing
1,novel_41,3,284,666,232,freeviewing
1,novel_41,4,307,734,221,freeviewing
1,novel_41,5,302,275,216,freeviewing
1,novel_41,6,246,368,246,freeviewing
1,novel_41,7,569,472,124,freeviewing
1,novel_41,8,562,348,219,freeviewing
1,novel_41,9,567,444,290,freeviewing
1,novel_41,10,597,530,149,freeviewing
1,novel_41,11,359,641,211,freeviewing
1,novel_41,12,709,840,211,freeviewing
1,novel_41,13,613,465,236,freeviewing
1,novel_41,14,570,513,216,freeviewing
1,novel_41,15,527,351,373,freeviewing
1,novel_41,16,588,307,180,freeviewing
1,novel_41,17,425,397,232,freeviewing
1,novel_41,18,273,381,292,freeviewing
1,familiar_22,1,728,565,187,freeviewing
1,familiar_22,2,722,719,149,freeviewing
1,familiar_22,3,737,689,167,freeviewing
1,familiar_22,4,861,662,218,freeviewing
1,familiar_22,5,914,847,250,freeviewing
1,familiar_22,6,791,602,242,freeviewing
1,familiar_22,7,731,578,190,freeviewing
1,familiar_22,8,790,945,301,freeviewing
1,familiar_22,9,568,593,274,freeviewing
1,familiar_22,10,503,479,197,freeviewing
1,familiar_22,11,419,519,117,freeviewing
1,familiar_22,12,505,440,216,freeviewing
1,familiar_22,13,372,444,204,freeviewing
1,familiar_22,14,182,345,137,freeviewing
1,familiar_22,15,384,544,106,freeviewing
1,familiar_22,16,160,286,319,freeviewing
1,familiar_22,17,64,277,165,freeviewing
1,familiar_22,18,220,354,180,freeviewing
1,familiar_22,19,74,542,184,freeviewing
1,familiar_22,20,83,985,203,freeviewing
1,familiar_22,21,333,1037,167,freeviewing
1,novel_37,1,638,735,118,freeviewing
1,novel_37,2,753,724,179,freeviewing
1,novel_37,3,737,843,216,freeviewing
1,novel_37,4,358,739,138,freeviewing
1,novel_37,5,592,779,223,freeviewing
1,novel_37,6,539,439,245,freeviewing
1,novel_37,7,511,427,256,freeviewing
1,novel_37,8,669,440,349,freeviewing
1,novel_37,9,1011,570,170,freeviewing
1,novel_37,10,1038,481,251,freeviewing
1,novel_37,11,1247,474,204,freeviewing
1,novel_37,12,1074,607,273,freeviewing
1,novel_37,13,1042,481,276,freeviewing
1,novel_37,14,793,430,304,freeviewing
1,novel_37,15,896,256,151,freeviewing
1,novel_37,16,803,449,303,freeviewing
1,novel_37,17,835,512,121,freeviewing
1,novel_37,18,663,451,192,freeviewing
1,novel_37,19,745,712,269,freeviewing
1,familiar_65,1,682,834,163,freeviewing
1,familiar_65,2,887,470,249,freeviewing
1,familiar_65,3,885,484,246,freeviewing
1,familiar_65,4,981,355,171,freeviewing
1,familiar_65,5,985,441,158,freeviewing
1,familiar_65,6,961,411,213,freeviewing
1,familiar_65,7,1197,373,950,freeviewing
1,familiar_65,8,1239,493,457,freeviewing
1,familiar_65,9,1038,803,225,freeviewing
1,familiar_65,10,991,458,190,freeviewing
1,familiar_65,11,960,416,266,freeviewing
1,familiar_65,12,889,508,223,freeviewing
1,familiar_65,13,886,486,55,freeviewing
1,familiar_65,14,819,672,260,freeviewing
1,familiar_65,15,867,454,169,freeviewing
1,familiar_65,16,888,483,256,freeviewing
1,familiar_65,17,1210,422,253,freeviewing
1,novel_88,1,624,552,257,freeviewing
1,novel_88,2,821,386,263,freeviewing
1,novel_88,3,879,388,35,freeviewing
1,novel_88,4,945,151,245,freeviewing
1,novel_88,5,823,156,297,freeviewing
1,novel_88,6,888,821,235,freeviewing
1,novel_88,7,799,821,398,freeviewing
1,novel_88,8,729,817,187,freeviewing
1,novel_88,9,719,1003,254,freeviewing
1,novel_88,10,417,794,183,freeviewing
1,novel_88,11,421,734,277,freeviewing
1,novel_88,12,429,712,210,freeviewing
1,novel_88,13,267,829,233,freeviewing
1,novel_88,14,48,779,193,freeviewing
1,novel_88,15,154,479,214,freeviewing
1,novel_88,16,416,829,438,freeviewing
1,novel_88,17,415,763,126,freeviewing
1,novel_88,18,515,761,203,freeviewing
1,familiar_42,1,784,582,302,freeviewing
1,familiar_42,2,398,740,270,freeviewing
1,familiar_42,3,605,731,172,freeviewing
1,familiar_42,4,262,505,245,freeviewing
1,familiar_42,5,57,478,204,freeviewing
1,familiar_42,6,79,648,209,freeviewing
1,familiar_42,7,112,1034,226,freeviewing
1,familiar_42,8,255,955,182,freeviewing
1,familiar_42,9,434,397,247,freeviewing
1,familiar_42,10,473,415,126,freeviewing
1,familiar_42,11,358,356,144,freeviewing
1,familiar_42,12,469,416,218,freeviewing
1,familiar_42,13,675,205,217,freeviewing
1,familiar_42,14,895,156,219,freeviewing
1,familiar_42,15,848,258,175,freeviewing
1,familiar_42,16,765,606,189,freeviewing
1,familiar_42,17,1205,519,179,freeviewing
1,familiar_42,18,1239,526,55,freeviewing
1,familiar_42,19,1289,509,186,freeviewing
1,familiar_42,20,1205,521,564,freeviewing
1,familiar_51,1,712,475,236,freeviewing
1,familiar_51,2,935,193,235,freeviewing
1,familiar_51,3,1346,567,245,freeviewing
1,familiar_51,4,1148,966,100,freeviewing
1,familiar_51,5,1388,728,304,freeviewing
1,familiar_51,6,1400,759,197,freeviewing
1,familiar_51,7,734,424,278,freeviewing
1,familiar_51,8,732,485,27,freeviewing
1,familiar_51,9,769,524,354,freeviewing
1,familiar_51,10,834,395,165,freeviewing
1,familiar_51,11,847,798,245,freeviewing
1,familiar_51,12,1025,601,234,freeviewing
1,familiar_51,13,1259,405,244,freeviewing
1,familiar_51,14,708,452,281,freeviewing
1,familiar_51,15,257,766,263,freeviewing
1,familiar_51,16,87,900,236,freeviewing
1,familiar_51,17,150,820,178,freeviewing
1,novel_94,1,230,589,262,freeviewing
1,novel_94,2,244,566,246,freeviewing
1,novel_94,3,308,543,217,freeviewing
1,novel_94,4,380,251,237,freeviewing
1,novel_94,5,531,780,190,freeviewing
1,novel_94,6,1240,211,207,freeviewing
1,novel_94,7,905,800,277,freeviewing
1,novel_94,8,1108,983,181,freeviewing
1,novel_94,9,852,855,287,freeviewing
1,novel_94,10,141,860,206,freeviewing
1,novel_94,11,503,1009,260,freeviewing
1,novel_94,12,455,1079,239,freeviewing
1,novel_94,13,240,599,304,freeviewing
1,familiar_6,1,319,364,224,freeviewing
1,familiar_6,2,872,733,189,freeviewing
1,familiar_6,3,822,1011,225,freeviewing
1,familiar_6,4,936,711,136,freeviewing
1,familiar_6,5,190,740,199,freeviewing
1,familiar_6,6,624,518,210,freeviewing
1,familiar_6,7,1155,926,286,freeviewing
1,familiar_6,8,844,304,169,freeviewing
1,familiar_6,9,1023,438,184,freeviewing
1,familiar_6,10,1407,529,204,freeviewing
1,familiar_6,11,923,654,160,freeviewing
1,familiar_6,12,1372,967,299,freeviewing
1,familiar_7,1,653,678,141,freeviewing
1,familiar_7,2,681,428,188,freeviewing
1,familiar_7,3,926,330,204,freeviewing
1,familiar_7,4,1347,748,157,freeviewing
1,familiar_7,5,1385,650,185,freeviewing
1,familiar_7,6,112,457,169,freeviewing
1,familiar_7,7,357,814,145,freeviewing
1,familiar_7,8,246,970,148,freeviewing
1,familiar_7,9,627,1073,252,freeviewing
1,familiar_7,10,187,1000,232,freeviewing
1,familiar_7,11,200,1022,144,freeviewing
1,familiar_7,12,154,974,262,freeviewing
1,familiar_7,13,1281,757,304,freeviewing
1,familiar_7,14,1374,639,338,freeviewing
1,familiar_59,1,704,618,280,freeviewing
1,familiar_59,2,225,178,227,freeviewing
1,familiar_59,3,172,181,109,freeviewing
1,familiar_59,4,165,84,293,freeviewing
1,familiar_59,5,122,35,218,freeviewing
1,familiar_59,6,581,122,238,freeviewing
1,familiar_59,7,595,230,200,freeviewing
1,familiar_59,8,947,249,174,freeviewing
1,familiar_59,9,886,640,238,freeviewing
1,familiar_59,10,722,638,196,freeviewing
1,familiar_59,11,895,882,164,freeviewing
1,familiar_59,12,810,735,152,freeviewing
1,familiar_59,13,875,995,225,freeviewing
1,familiar_59,14,1123,882,173,freeviewing
1,familiar_59,15,1126,780,435,freeviewing
1,familiar_59,16,871,669,173,freeviewing
1,novel_19,1,739,599,31,freeviewing
1,novel_19,2,682,615,196,freeviewing
1,novel_19,3,1232,692,237,freeviewing
1,novel_19,4,930,734,184,freeviewing
1,novel_19,5,1039,927,203,freeviewing
1,novel_19,6,568,975,230,freeviewing
1,novel_19,7,372,878,199,freeviewing
1,novel_19,8,99,1049,242,freeviewing
1,novel_19,9,489,698,249,freeviewing
1,novel_19,10,389,662,282,freeviewing
1,novel_19,11,514,612,211,freeviewing
1,novel_19,12,1079,883,375,freeviewing
1,novel_19,13,1379,530,229,freeviewing
1,novel_19,14,1335,761,312,freeviewing
1,familiar_57,1,613,507,256,freeviewing
1,familiar_57,2,728,845,256,freeviewing
1,familiar_57,3,1029,877,205,freeviewing
1,familiar_57,4,824,910,204,freeviewing
1,familiar_57,5,685,1060,178,freeviewing
1,familiar_57,6,465,1030,165,freeviewing
1,familiar_57,7,224,444,269,freeviewing
1,familiar_57,8,186,426,200,freeviewing
1,familiar_57,9,261,614,260,freeviewing
1,familiar_57,10,560,527,201,freeviewing
1,familiar_57,11,193,812,232,freeviewing
1,familiar_57,12,86,1031,198,freeviewing
1,familiar_57,13,455,1029,155,freeviewing
1,familiar_57,14,485,918,231,freeviewing
1,familiar_57,15,601,825,249,freeviewing
1,familiar_57,16,1100,943,249,freeviewing
1,familiar_57,17,1043,866,117,freeviewing
1,familiar_57,18,1351,834,202,freeviewing
1,familiar_57,19,1381,808,215,freeviewing
1,familiar_68,1,343,411,263,freeviewing
1,familiar_68,2,293,528,205,freeviewing
1,familiar_68,3,383,507,238,freeviewing
1,familiar_68,4,126,769,162,freeviewing
1,familiar_68,5,580,445,280,freeviewing
1,familiar_68,6,1117,340,234,freeviewing
1,familiar_68,7,1041,676,284,freeviewing
1,familiar_68,8,1091,625,219,freeviewing
1,familiar_68,9,1296,778,159,freeviewing
1,familiar_68,10,622,411,275,freeviewing
1,familiar_68,11,788,786,206,freeviewing
1,familiar_68,12,332,574,154,freeviewing
1,familiar_68,13,382,854,216,freeviewing
1,familiar_68,14,77,1003,245,freeviewing
1,familiar_90,1,627,422,242,freeviewing
1,familiar_90,2,1073,349,213,freeviewing
1,familiar_90,3,1422,619,247,freeviewing
1,familiar_90,4,1320,948,354,freeviewing
1,familiar_90,5,685,907,280,freeviewing
1,familiar_90,6,331,982,227,freeviewing
1,familiar_90,7,572,267,136,freeviewing
1,familiar_90,8,223,877,215,freeviewing
1,familiar_90,9,34,1037,189,freeviewing
1,familiar_90,10,774,903,200,freeviewing
1,familiar_90,11,1086,660,178,freeviewing
1,familiar_90,12,664,430,380,freeviewing
1,familiar_86,1,1238,574,289,freeviewing
1,familiar_86,2,1280,498,172,freeviewing
1,familiar_86,3,309,276,183,freeviewing
1,familiar_86,4,161,407,199,freeviewing
1,familiar_86,5,303,891,188,freeviewing
1,familiar_86,6,136,367,279,freeviewing
1,familiar_86,7,101,356,633,freeviewing
1,familiar_86,8,375,285,296,freeviewing
1,familiar_86,9,1128,918,230,freeviewing
1,familiar_86,10,878,577,258,freeviewing
1,novel_53,1,513,488,311,freeviewing
1,novel_53,2,266,492,215,freeviewing
1,novel_53,3,200,586,206,freeviewing
1,novel_53,4,576,854,188,freeviewing
1,novel_53,5,401,771,240,freeviewing
1,novel_53,6,636,734,258,freeviewing
1,novel_53,7,759,822,218,freeviewing
1,novel_53,8,565,878,192,freeviewing
1,novel_53,9,584,957,117,freeviewing
1,novel_53,10,389,991,172,freeviewing
1,novel_53,11,592,1040,203,freeviewing
1,novel_53,12,102,958,252,freeviewing
1,novel_53,13,293,185,257,freeviewing
1,novel_53,14,799,430,216,freeviewing
1,novel_53,15,1007,759,221,freeviewing
1,novel_53,16,1372,878,120,freeviewing
1,novel_53,17,975,753,313,freeviewing
1,novel_53,18,1025,926,238,freeviewing
1,familiar_77,1,454,701,241,freeviewing
1,familiar_77,2,165,542,173,freeviewing
1,familiar_77,3,247,253,165,freeviewing
1,familiar_77,4,1019,638,245,freeviewing
1,familiar_77,5,1109,672,127,freeviewing
1,familiar_77,6,1372,640,268,freeviewing
1,familiar_77,7,830,717,193,freeviewing
1,familiar_77,8,969,1019,155,freeviewing
1,familiar_77,9,494,736,237,freeviewing
1,familiar_77,10,127,1079,214,freeviewing
1,familiar_77,11,571,992,238,freeviewing
1,novel_93,1,592,547,180,freeviewing
1,novel_93,2,607,517,176,freeviewing
1,novel_93,3,364,632,218,freeviewing
1,novel_93,4,480,634,130,freeviewing
1,novel_93,5,227,674,233,freeviewing
1,novel_93,6,496,917,273,freeviewing
1,novel_93,7,1023,681,276,freeviewing
1,novel_93,8,1254,806,246,freeviewing
1,novel_93,9,1350,781,183,freeviewing
1,novel_93,10,1267,796,108,freeviewing
1,novel_93,11,1386,638,234,freeviewing
1,novel_93,12,1267,450,223,freeviewing
1,novel_93,13,1219,375,238,freeviewing
1,novel_93,14,1237,429,180,freeviewing
1,novel_93,15,1320,873,205,freeviewing
1,novel_93,16,1112,831,336,freeviewing
1,novel_93,17,1137,838,217,freeviewing
1,novel_93,18,1005,916,167,freeviewing
1,novel_93,19,1004,690,186,freeviewing
1,novel_93,20,894,1040,207,freeviewing
1,novel_11,1,697,588,253,freeviewing
1,novel_11,2,827,625,235,freeviewing
1,novel_11,3,926,859,233,freeviewing
1,novel_11,4,1081,756,197,freeviewing
1,novel_11,5,1222,573,212,freeviewing
1,novel_11,6,1167,388,258,freeviewing
1,novel_11,7,955,267,219,freeviewing
1,novel_11,8,935,402,224,freeviewing
1,novel_11,9,575,465,233,freeviewing
1,novel_11,10,518,642,220,freeviewing
1,novel_11,11,174,853,138,freeviewing
1,novel_11,12,669,588,191,freeviewing
1,novel_11,13,287,519,234,freeviewing
1,novel_11,14,160,101,233,freeviewing
1,novel_11,15,78,937,226,freeviewing
1,novel_11,16,495,1033,242,freeviewing
1,novel_51,1,676,793,119,freeviewing
1,novel_51,2,1184,500,266,freeviewing
1,novel_51,3,1244,472,117,freeviewing
1,novel_51,4,1312,603,44,freeviewing
1,novel_51,5,1164,507,463,freeviewing
1,novel_51,6,735,555,246,freeviewing
1,novel_51,7,585,436,172,freeviewing
1,novel_51,8,1056,272,263,freeviewing
1,novel_51,9,661,825,286,freeviewing
1,novel_51,10,323,969,223,freeviewing
1,novel_51,11,139,922,291,freeviewing
1,novel_51,12,127,625,282,freeviewing
1,novel_51,13,84,599,226,freeviewing
1,novel_51,14,270,915,233,freeviewing
1,novel_51,15,129,921,187,freeviewing
1,novel_51,16,246,895,310,freeviewing
1,familiar_99,1,452,518,235,freeviewing
1,familiar_99,2,588,496,196,freeviewing
1,familiar_99,3,444,498,155,freeviewing
1,familiar_99,4,430,979,196,freeviewing
1,familiar_99,5,1267,392,263,freeviewing
1,familiar_99,6,1134,734,168,freeviewing
1,familiar_99,7,1277,352,311,freeviewing
1,familiar_99,8,542,208,251,freeviewing
1,familiar_99,9,301,861,302,freeviewing
1,familiar_99,10,145,935,214,freeviewing
1,familiar_99,11,315,1016,212,freeviewing
1,familiar_99,12,111,944,243,freeviewing
1,familiar_99,13,545,1014,274,freeviewing
1,familiar_99,14,427,475,158,freeviewing
1,novel_7,1,996,717,344,freeviewing
1,novel_7,2,817,930,213,freeviewing
1,novel_7,3,831,763,250,freeviewing
1,novel_7,4,612,745,184,freeviewing
1,novel_7,5,186,753,176,freeviewing
1,novel_7,6,13,1058,199,freeviewing
1,novel_7,7,340,1060,185,freeviewing
1,novel_7,8,51,1050,240,freeviewing
1,novel_7,9,839,718,191,freeviewing
1,novel_7,10,985,727,263,freeviewing
1,novel_7,11,1251,671,162,freeviewing
1,novel_7,12,1006,714,243,freeviewing
1,novel_7,13,946,790,253,freeviewing
1,novel_74,1,681,548,89,freeviewing
1,novel_74,2,833,559,205,freeviewing
1,novel_74,3,883,735,287,freeviewing
1,novel_74,4,830,560,480,freeviewing
1,novel_74,5,836,715,276,freeviewing
1,novel_74,6,1099,555,264,freeviewing
1,novel_74,7,773,320,206,freeviewing
1,novel_74,8,582,495,129,freeviewing
1,novel_74,9,953,204,159,freeviewing
1,novel_74,10,566,483,225,freeviewing
1,novel_74,11,808,705,285,freeviewing
1,novel_74,12,802,727,259,freeviewing
1,novel_74,13,836,689,320,freeviewing
1,novel_74,14,835,560,220,freeviewing
1,novel_74,15,649,1013,301,freeviewing
1,novel_74,16,264,1036,263,freeviewing
1,novel_49,1,595,391,160,freeviewing
1,novel_49,2,798,700,156,freeviewing
1,novel_49,3,575,392,359,freeviewing
1,novel_49,4,368,414,215,freeviewing
1,novel_49,5,1294,638,210,freeviewing
1,novel_49,6,932,737,236,freeviewing
1,novel_49,7,856,725,237,freeviewing
1,novel_49,8,1405,743,195,freeviewing
1,novel_49,9,1296,931,226,freeviewing
1,novel_49,10,839,906,261,freeviewing
1,novel_55,1,428,245,202,freeviewing
1,novel_55,2,639,162,239,freeviewing
1,novel_55,3,692,782,214,freeviewing
1,novel_55,4,782,638,174,freeviewing
1,novel_55,5,882,810,207,freeviewing
1,novel_55,6,651,782,241,freeviewing
1,novel_55,7,232,682,189,freeviewing
1,novel_55,8,57,988,198,freeviewing
1,novel_55,9,356,615,194,freeviewing
1,novel_55,10,60,611,158,freeviewing
1,novel_55,11,1073,746,250,freeviewing
1,novel_55,12,1172,617,196,freeviewing
1,novel_55,13,1267,820,188,freeviewing
1,novel_55,14,654,607,293,freeviewing
1,novel_55,15,687,780,263,freeviewing
1,familiar_54,1,632,425,230,freeviewing
1,familiar_54,2,664,329,148,freeviewing
1,familiar_54,3,875,474,231,freeviewing
1,familiar_54,4,1188,603,296,freeviewing
1,familiar_54,5,981,898,282,freeviewing
1,familiar_54,6,613,1002,197,freeviewing
1,familiar_54,7,188,880,170,freeviewing
1,familiar_54,8,205,902,366,freeviewing
1,familiar_54,9,145,738,378,freeviewing
1,familiar_54,10,618,423,241,freeviewing
1,familiar_54,11,444,484,259,freeviewing
1,familiar_54,12,471,507,177,freeviewing
1,familiar_54,13,326,599,183,freeviewing
1,familiar_54,14,926,550,274,freeviewing
1,familiar_54,15,960,829,367,freeviewing
1,familiar_54,16,1242,612,233,freeviewing
1,novel_43,1,704,341,319,freeviewing
1,novel_43,2,783,436,205,freeviewing
1,novel_43,3,474,432,245,freeviewing
1,novel_43,4,946,210,305,freeviewing
1,novel_43,5,1188,956,204,freeviewing
1,novel_43,6,1140,669,216,freeviewing
1,novel_43,7,1226,494,189,freeviewing
1,novel_43,8,1313,713,175,freeviewing
1,novel_43,9,1414,227,98,freeviewing
1,novel_43,10,1394,243,154,freeviewing
1,novel_43,11,1072,441,227,freeviewing
1,novel_43,12,605,447,209,freeviewing
1,novel_43,13,536,639,194,freeviewing
1,novel_43,14,112,655,224,freeviewing
1,novel_43,15,524,759,164,freeviewing
1,novel_43,16,75,888,294,freeviewing
1,familiar_12,1,723,289,187,freeviewing
1,familiar_12,2,855,503,142,freeviewing
1,familiar_12,3,700,334,172,freeviewing
1,familiar_12,4,808,661,266,freeviewing
1,familiar_12,5,853,546,148,freeviewing
1,familiar_12,6,803,711,158,freeviewing
1,familiar_12,7,881,379,264,freeviewing
1,familiar_12,8,1072,549,275,freeviewing
1,familiar_12,9,367,531,298,freeviewing
1,familiar_12,10,333,574,344,freeviewing
1,familiar_12,11,276,733,260,freeviewing
1,familiar_12,12,269,808,269,freeviewing
1,familiar_12,13,733,936,221,freeviewing
1,familiar_12,14,638,371,194,freeviewing
1,familiar_12,15,357,336,213,freeviewing
1,familiar_12,16,151,458,211,freeviewing
1,novel_75,1,716,631,203,freeviewing
1,novel_75,2,844,163,268,freeviewing
1,novel_75,3,1238,680,202,freeviewing
1,novel_75,4,1025,977,283,freeviewing
1,novel_75,5,458,819,209,freeviewing
1,novel_75,6,104,1033,207,freeviewing
1,novel_75,7,127,500,160,freeviewing
1,novel_75,8,488,134,140,freeviewing
1,novel_75,9,180,675,263,freeviewing
1,novel_75,10,189,1020,250,freeviewing
1,novel_75,11,751,441,231,freeviewing
1,novel_75,12,969,540,186,freeviewing
1,novel_75,13,924,886,223,freeviewing
1,novel_75,14,1003,1027,113,freeviewing
1,novel_75,15,899,823,214,freeviewing
1,familiar_62,1,718,392,247,freeviewing
1,familiar_62,2,426,375,267,freeviewing
1,familiar_62,3,738,343,305,freeviewing
1,familiar_62,4,884,425,171,freeviewing
1,familiar_62,5,1236,543,128,freeviewing
1,familiar_62,6,1333,671,173,freeviewing
1,familiar_62,7,1368,367,159,freeviewing
1,familiar_62,8,1066,1027,265,freeviewing
1,familiar_62,9,1323,334,170,freeviewing
1,familiar_62,10,1334,393,130,freeviewing
1,familiar_62,11,1268,292,170,freeviewing
1,familiar_62,12,1300,435,469,freeviewing
1,familiar_62,13,743,402,334,freeviewing
1,familiar_62,14,369,647,143,freeviewing
1,familiar_62,15,862,660,193,freeviewing
1,familiar_62,16,390,676,250,freeviewing
1,familiar_62,17,424,708,283,freeviewing
1,familiar_62,18,746,391,302,freeviewing
1,familiar_5,1,492,572,274,freeviewing
1,familiar_5,2,457,575,338,freeviewing
1,familiar_5,3,490,576,251,freeviewing
1,familiar_5,4,686,401,258,freeviewing
1,familiar_5,5,1013,858,253,freeviewing
1,familiar_5,6,319,1009,276,freeviewing
1,familiar_5,7,316,493,222,freeviewing
1,familiar_5,8,234,406,198,freeviewing
1,familiar_5,9,22,362,232,freeviewing
1,familiar_5,10,483,565,345,freeviewing
1,familiar_5,11,978,605,273,freeviewing
1,familiar_5,12,1249,398,163,freeviewing
1,novel_81,1,406,476,283,freeviewing
1,novel_81,2,546,299,263,freeviewing
1,novel_81,3,541,263,169,freeviewing
1,novel_81,4,873,712,190,freeviewing
1,novel_81,5,1021,633,122,freeviewing
1,novel_81,6,808,484,128,freeviewing
1,novel_81,7,1019,685,178,freeviewing
1,novel_81,8,1001,773,140,freeviewing
1,novel_81,9,1022,682,226,freeviewing
1,novel_81,10,968,999,206,freeviewing
1,novel_81,11,1332,775,207,freeviewing
1,novel_81,12,1319,684,147,freeviewing
1,novel_81,13,1240,918,249,freeviewing
1,novel_81,14,970,581,244,freeviewing
1,novel_81,15,1379,329,143,freeviewing
1,novel_81,16,1034,624,260,freeviewing
1,novel_81,17,842,708,185,freeviewing
1,novel_81,18,786,481,457,freeviewing
1,novel_81,19,657,575,186,freeviewing
1,familiar_4,1,786,427,265,freeviewing
1,familiar_4,2,398,370,169,freeviewing
1,familiar_4,3,432,767,216,freeviewing
1,familiar_4,4,616,627,168,freeviewing
1,familiar_4,5,627,653,214,freeviewing
1,familiar_4,6,927,1016,230,freeviewing
1,familiar_4,7,1128,529,261,freeviewing
1,familiar_4,8,1058,584,257,freeviewing
1,familiar_4,9,591,94,302,freeviewing
1,familiar_4,10,880,1024,162,freeviewing
1,familiar_4,11,745,714,187,freeviewing
1,familiar_4,12,665,785,311,freeviewing
1,familiar_4,13,142,644,205,freeviewing
1,familiar_45,1,614,527,252,freeviewing
1,familiar_45,2,304,435,192,freeviewing
1,familiar_45,3,608,512,301,freeviewing
1,familiar_45,4,377,444,176,freeviewing
1,familiar_45,5,392,444,268,freeviewing
1,familiar_45,6,503,707,288,freeviewing
1,familiar_45,7,549,741,249,freeviewing
1,familiar_45,8,295,977,240,freeviewing
1,familiar_45,9,259,857,317,freeviewing
1,familiar_45,10,44,1066,207,freeviewing
1,familiar_45,11,254,850,437,freeviewing
1,familiar_45,12,177,882,244,freeviewing
1,familiar_45,13,120,899,197,freeviewing
1,familiar_45,14,221,428,238,freeviewing
1,familiar_45,15,797,839,246,freeviewing
1,familiar_45,16,759,851,56,freeviewing
1,familiar_45,17,940,760,210,freeviewing
1,novel_23,1,647,586,222,freeviewing
1,novel_23,2,647,249,230,freeviewing
1,novel_23,3,799,311,244,freeviewing
1,novel_23,4,775,432,216,freeviewing
1,novel_23,5,1133,599,200,freeviewing
1,novel_23,6,1108,359,166,freeviewing
1,novel_23,7,1302,496,315,freeviewing
1,novel_23,8,1254,322,217,freeviewing
1,novel_23,9,1115,335,188,freeviewing
1,novel_23,10,794,1056,172,freeviewing
1,novel_23,11,519,980,220,freeviewing
1,novel_23,12,409,948,213,freeviewing
1,novel_23,13,354,1018,181,freeviewing
1,novel_23,14,426,1050,100,freeviewing
1,novel_23,15,315,982,260,freeviewing
1,novel_23,16,82,1071,296,freeviewing
1,novel_23,17,883,1018,153,freeviewing
1,novel_23,18,143,1025,234,freeviewing
1,novel_79,1,411,460,188,freeviewing
1,novel_79,2,639,728,151,freeviewing
1,novel_79,3,99,455,429,freeviewing
1,novel_79,4,300,656,132,freeviewing
1,novel_79,5,266,402,217,freeviewing
1,novel_79,6,252,475,312,freeviewing
1,novel_79,7,185,705,242,freeviewing
1,novel_79,8,38,763,122,freeviewing
1,novel_79,9,330,609,289,freeviewing
1,novel_79,10,199,1057,296,freeviewing
1,novel_79,11,769,557,274,freeviewing
1,novel_79,12,1031,731,210,freeviewing
1,novel_8,1,648,495,205,freeviewing
1,novel_8,2,907,393,346,freeviewing
1,novel_8,3,448,503,240,freeviewing
1,novel_8,4,391,493,190,freeviewing
1,novel_8,5,97,640,189,freeviewing
1,novel_8,6,4,1035,176,freeviewing
1,novel_8,7,125,576,228,freeviewing
1,novel_8,8,232,491,205,freeviewing
1,novel_8,9,745,409,318,freeviewing
1,novel_8,10,906,364,209,freeviewing
1,novel_8,11,1234,872,276,freeviewing
1,novel_8,12,801,1025,205,freeviewing
1,familiar_11,1,414,583,225,freeviewing
1,familiar_11,2,1209,753,262,freeviewing
1,familiar_11,3,1067,1046,233,freeviewing
1,familiar_11,4,197,1019,230,freeviewing
1,familiar_11,5,299,1063,340,freeviewing
1,familiar_11,6,205,894,256,freeviewing
1,familiar_11,7,325,1050,142,freeviewing
1,familiar_11,8,20,1076,342,freeviewing
1,novel_66,1,853,759,103,freeviewing
1,novel_66,2,753,0,163,freeviewing
1,novel_66,3,756,47,199,freeviewing
1,novel_66,4,789,57,40,freeviewing
1,novel_66,5,821,51,323,freeviewing
1,novel_66,6,673,31,195,freeviewing
1,novel_66,7,763,330,331,freeviewing
1,novel_66,8,897,426,294,freeviewing
1,novel_66,9,1068,421,222,freeviewing
1,novel_66,10,608,479,239,freeviewing
1,novel_66,11,704,741,182,freeviewing
1,novel_66,12,230,657,175,freeviewing
1,novel_66,13,968,773,123,freeviewing
1,novel_66,14,1019,790,168,freeviewing
1,novel_66,15,1207,805,253,freeviewing
1,novel_66,16,912,962,353,freeviewing
1,novel_66,17,698,621,183,freeviewing
1,novel_66,18,812,798,274,freeviewing
1,novel_66,19,710,768,216,freeviewing
1,novel_90,1,666,349,218,freeviewing
1,novel_90,2,998,663,213,freeviewing
1,novel_90,3,771,330,177,freeviewing
1,novel_90,4,778,259,196,freeviewing
1,novel_90,5,1016,414,380,freeviewing
1,novel_90,6,344,567,250,freeviewing
1,novel_90,7,162,205,139,freeviewing
1,novel_90,8,257,678,108,freeviewing
1,novel_90,9,199,197,227,freeviewing
1,novel_90,10,316,643,236,freeviewing
1,novel_90,11,544,712,155,freeviewing
1,novel_90,12,341,589,199,freeviewing
1,novel_90,13,746,616,184,freeviewing
1,novel_90,14,547,709,204,freeviewing
1,novel_90,15,249,981,378,freeviewing
1,novel_90,16,757,792,270,freeviewing
1,novel_90,17,757,684,206,freeviewing
1,novel_90,18,1015,869,214,freeviewing
1,novel_90,19,629,990,247,freeviewing
1,novel_6,1,617,252,220,freeviewing
1,novel_6,2,865,234,195,freeviewing
1,novel_6,3,1226,851,224,freeviewing
1,novel_6,4,1043,1029,162,freeviewing
1,novel_6,5,1343,1070,184,freeviewing
1,novel_6,6,844,831,284,freeviewing
1,novel_6,7,604,1031,208,freeviewing
1,novel_6,8,197,763,196,freeviewing
1,novel_6,9,121,493,93,freeviewing
1,novel_6,10,143,563,247,freeviewing
1,novel_6,11,102,127,210,freeviewing
1,novel_6,12,300,194,153,freeviewing
1,novel_6,13,136,82,178,freeviewing
1,novel_6,14,537,253,211,freeviewing
1,novel_6,15,693,316,237,freeviewing
1,novel_6,16,939,646,234,freeviewing
1,novel_48,1,730,528,261,freeviewing
1,novel_48,2,860,857,299,freeviewing
1,novel_48,3,718,733,186,freeviewing
1,novel_48,4,619,1024,143,freeviewing
1,novel_48,5,901,712,142,freeviewing
1,novel_48,6,563,1055,235,freeviewing
1,novel_48,7,640,986,346,freeviewing
1,novel_48,8,326,503,300,freeviewing
1,novel_48,9,178,162,285,freeviewing
1,novel_48,10,462,150,209,freeviewing
1,novel_48,11,764,40,100,freeviewing
1,novel_48,12,490,178,208,freeviewing
1,novel_48,13,478,204,207,freeviewing
1,novel_48,14,461,191,217,freeviewing
1,novel_48,15,276,452,275,freeviewing
1,novel_48,16,295,481,172,freeviewing
1,novel_48,17,596,485,270,freeviewing
1,novel_48,18,685,454,181,freeviewing
1,familiar_27,1,789,832,324,freeviewing
1,familiar_27,2,567,1038,183,freeviewing
1,familiar_27,3,470,731,200,freeviewing
1,familiar_27,4,560,803,120,freeviewing
1,familiar_27,5,457,721,198,freeviewing
1,familiar_27,6,411,450,244,freeviewing
1,familiar_27,7,526,821,149,freeviewing
1,familiar_27,8,739,307,276,freeviewing
1,familiar_27,9,1221,276,234,freeviewing
1,familiar_27,10,218,64,136,freeviewing
1,familiar_27,11,1158,422,263,freeviewing
1,familiar_27,12,1170,903,200,freeviewing
1,familiar_27,13,1271,769,148,freeviewing
1,familiar_27,14,1145,913,171,freeviewing
1,familiar_27,15,1093,765,207,freeviewing
1,familiar_27,16,956,952,214,freeviewing
1,familiar_27,17,608,879,255,freeviewing
1,familiar_27,18,797,924,236,freeviewing
1,familiar_27,19,592,1061,149,freeviewing
1,familiar_27,20,1347,885,246,freeviewing
1,familiar_58,1,992,446,244,freeviewing
1,familiar_58,2,908,590,175,freeviewing
1,familiar_58,3,913,745,221,freeviewing
1,familiar_58,4,467,638,196,freeviewing
1,familiar_58,5,412,557,171,freeviewing
1,familiar_58,6,83,346,119,freeviewing
1,familiar_58,7,384,383,230,freeviewing
1,familiar_58,8,388,321,173,freeviewing
1,familiar_58,9,128,119,278,freeviewing
1,familiar_58,10,446,681,221,freeviewing
1,familiar_58,11,376,982,205,freeviewing
1,familiar_58,12,327,968,214,freeviewing
1,familiar_58,13,821,734,278,freeviewing
1,familiar_58,14,788,814,116,freeviewing
1,familiar_58,15,1005,724,237,freeviewing
1,familiar_58,16,1058,667,162,freeviewing
1,familiar_58,17,1101,756,274,freeviewing
1,familiar_58,18,1255,723,146,freeviewing
1,familiar_58,19,1195,766,348,freeviewing
1,familiar_58,20,1164,758,307,freeviewing
1,familiar_28,1,893,505,360,freeviewing
1,familiar_28,2,856,626,214,freeviewing
1,familiar_28,3,955,939,199,freeviewing
1,familiar_28,4,339,822,132,freeviewing
1,familiar_28,5,817,943,236,freeviewing
1,familiar_28,6,230,805,197,freeviewing
1,familiar_28,7,294,775,146,freeviewing
1,familiar_28,8,310,936,169,freeviewing
1,familiar_28,9,259,693,244,freeviewing
1,familiar_28,10,172,329,230,freeviewing
1,familiar_28,11,152,250,166,freeviewing
1,familiar_28,12,291,495,151,freeviewing
1,familiar_28,13,150,190,227,freeviewing
1,familiar_28,14,91,831,186,freeviewing
1,familiar_28,15,26,1029,170,freeviewing
1,familiar_28,16,346,847,260,freeviewing
1,familiar_28,17,450,745,161,freeviewing
1,familiar_28,18,450,410,140,freeviewing
1,familiar_28,19,474,639,134,freeviewing
1,familiar_28,20,438,414,213,freeviewing
1,familiar_28,21,486,629,287,freeviewing
1,familiar_37,1,695,728,310,freeviewing
1,familiar_37,2,887,605,146,freeviewing
1,familiar_37,3,615,708,242,freeviewing
1,familiar_37,4,400,657,199,freeviewing
1,familiar_37,5,366,529,265,freeviewing
1,familiar_37,6,470,660,344,freeviewing
1,familiar_37,7,500,949,274,freeviewing
1,familiar_37,8,469,804,172,freeviewing
1,familiar_37,9,546,953,237,freeviewing
1,familiar_37,10,540,997,136,freeviewing
1,familiar_37,11,811,875,169,freeviewing
1,familiar_37,12,535,1048,261,freeviewing
1,familiar_37,13,634,1032,403,freeviewing
1,familiar_37,14,492,674,180,freeviewing
1,familiar_37,15,469,654,287,freeviewing
1,familiar_37,16,469,535,342,freeviewing
1,familiar_13,1,529,525,264,freeviewing
1,familiar_13,2,1131,452,179,freeviewing
1,familiar_13,3,1159,638,224,freeviewing
1,familiar_13,4,1287,960,216,freeviewing
1,familiar_13,5,587,944,181,freeviewing
1,familiar_13,6,427,817,264,freeviewing
1,familiar_13,7,295,1014,119,freeviewing
1,familiar_13,8,599,566,196,freeviewing
1,familiar_13,9,589,995,298,freeviewing
1,familiar_13,10,90,945,230,freeviewing
1,familiar_13,11,228,128,189,freeviewing
1,familiar_13,12,203,55,128,freeviewing
1,familiar_13,13,560,540,223,freeviewing
1,novel_15,1,476,629,501,freeviewing
1,novel_15,2,351,581,132,freeviewing
1,novel_15,3,400,704,192,freeviewing
1,novel_15,4,453,875,201,freeviewing
1,novel_15,5,241,579,209,freeviewing
1,novel_15,6,310,1057,208,freeviewing
1,novel_15,7,862,819,146,freeviewing
1,novel_15,8,383,997,204,freeviewing
1,novel_15,9,872,724,216,freeviewing
1,novel_15,10,772,216,212,freeviewing
1,novel_15,11,878,185,300,freeviewing
1,novel_15,12,998,195,231,freeviewing
1,novel_15,13,494,186,245,freeviewing
1,novel_15,14,693,600,192,freeviewing
1,novel_15,15,470,619,408,freeviewing
1,novel_15,16,672,554,197,freeviewing
1,novel_15,17,316,556,275,freeviewing
1,novel_15,18,162,560,222,freeviewing
1,novel_57,1,844,522,195,freeviewing
1,novel_57,2,173,593,270,freeviewing
1,novel_57,3,141,598,268,freeviewing
1,novel_57,4,349,159,179,freeviewing
1,novel_57,5,334,339,222,freeviewing
1,novel_57,6,548,405,216,freeviewing
1,novel_57,7,489,598,198,freeviewing
1,novel_57,8,1250,690,224,freeviewing
1,novel_57,9,1118,962,198,freeviewing
1,novel_57,10,547,1019,229,freeviewing
1,novel_57,11,1246,1019,211,freeviewing
1,novel_57,12,1302,1009,219,freeviewing
1,novel_57,13,1057,982,275,freeviewing
1,novel_44,1,711,690,268,freeviewing
1,novel_44,2,1000,603,249,freeviewing
1,novel_44,3,1077,418,242,freeviewing
1,novel_44,4,1100,385,247,freeviewing
1,novel_44,5,607,115,182,freeviewing
1,novel_44,6,600,220,137,freeviewing
1,novel_44,7,624,83,277,freeviewing
1,novel_44,8,597,213,186,freeviewing
1,novel_44,9,699,144,285,freeviewing
1,novel_44,10,739,74,234,freeviewing
1,novel_44,11,627,241,298,freeviewing
1,novel_44,12,609,212,121,freeviewing
1,novel_44,13,644,332,245,freeviewing
1,novel_44,14,704,707,214,freeviewing
1,novel_44,15,652,830,200,freeviewing
1,novel_44,16,635,671,161,freeviewing
1,novel_44,17,655,835,247,freeviewing
1,novel_44,18,144,678,220,freeviewing
1,novel_45,1,694,474,197,freeviewing
1,novel_45,2,373,443,293,freeviewing
1,novel_45,3,324,555,149,freeviewing
1,novel_45,4,739,849,205,freeviewing
1,novel_45,5,875,780,211,freeviewing
1,novel_45,6,1285,741,241,freeviewing
1,novel_45,7,1049,202,233,freeviewing
1,novel_45,8,1036,366,192,freeviewing
1,novel_45,9,1417,110,90,freeviewing
1,novel_45,10,1406,116,51,freeviewing
1,novel_45,11,1007,501,206,freeviewing
1,novel_45,12,685,450,182,freeviewing
1,novel_45,13,798,810,244,freeviewing
1,novel_45,14,639,933,227,freeviewing
1,novel_45,15,534,1078,168,freeviewing
1,novel_45,16,82,909,224,freeviewing
1,novel_45,17,172,896,124,freeviewing
1,novel_45,18,218,830,305,freeviewing
1,novel_17,1,832,661,310,freeviewing
1,novel_17,2,1417,88,231,freeviewing
1,novel_17,3,1094,439,339,freeviewing
1,novel_17,4,1249,530,271,freeviewing
1,novel_17,5,1154,1004,236,freeviewing
1,novel_17,6,840,1022,177,freeviewing
1,novel_17,7,515,974,194,freeviewing
1,novel_17,8,163,925,240,freeviewing
1,novel_17,9,249,593,251,freeviewing
1,novel_17,10,860,692,243,freeviewing
1,novel_17,11,539,439,264,freeviewing
1,novel_17,12,170,341,216,freeviewing
1,novel_17,13,342,394,222,freeviewing
1,novel_17,14,587,440,274,freeviewing
1,novel_17,15,816,698,262,freeviewing
1,novel_17,16,869,697,332,freeviewing
1,familiar_88,1,204,256,238,freeviewing
1,familiar_88,2,687,220,260,freeviewing
1,familiar_88,3,1160,729,180,freeviewing
1,familiar_88,4,1340,685,245,freeviewing
1,familiar_88,5,1199,454,166,freeviewing
1,familiar_88,6,174,675,262,freeviewing
1,familiar_88,7,231,818,184,freeviewing
1,familiar_88,8,200,524,179,freeviewing
1,familiar_88,9,716,979,143,freeviewing
1,familiar_88,10,717,787,138,freeviewing
1,familiar_88,11,856,1059,218,freeviewing
1,familiar_88,12,680,277,308,freeviewing
1,familiar_88,13,630,436,197,freeviewing
1,familiar_88,14,202,727,265,freeviewing
